OUPS_ID_ID;GROUPS_ID_NAME;User Name;pass;User2 Id;User2 Name;Ämne;START_TIME;Duration;STOP_TIME
user_demo_comp_cct_10000001;OTCKV;Ronya Liljedahl usr ;IQQ60XLH7VK;demo_comp_cct_10000019;Ronya Liljedahl;Möte med Ronya Liljedahl;2020-04-10 11:30;1900-01-01 00:30;2020-04-11 12:00
user_demo_comp_cct_10000002;JUFFQ;Sten Tuvesson usr ;HFX16NUL3YP;demo_comp_cct_10000020;Sten Tuvesson;Möte med Sten Tuvesson;2020-04-13 20:00;1900-01-01 00:30;2020-04-14 20:30
user_demo_comp_cct_10000003;NYIWG;Ronald Karlström usr ;ZFR80EOS6FU;demo_comp_cct_10000021;Ronald Karlström;Möte med Ronald Karlström;2020-04-16 18:30;1900-01-01 00:30;2020-04-17 19:00
user_demo_comp_cct_10000004;IBZJE;Jacob Nordin usr ;XOY21MJH2CI;demo_comp_cct_10000022;Jacob Nordin;Möte med Jacob Nordin;2020-04-14 10:00;1900-01-01 00:30;2020-04-15 10:30
user_demo_comp_cct_10000005;KKXEV;Mira Edvardsson usr ;BXX59OJO3EM;demo_comp_cct_10000023;Mira Edvardsson;Möte med Mira Edvardsson;2020-04-16 09:30;1900-01-01 00:30;2020-04-17 10:00
user_demo_comp_cct_10000006;HVFCA;Anselm Björnberg usr ;WQW55OVR3UF;demo_comp_cct_10000024;Anselm Björnberg;Möte med Anselm Björnberg;2020-04-06 09:00;1900-01-01 00:30;2020-04-07 09:30
user_demo_comp_cct_10000007;FDPAJ;Niclas Hedqvist usr ;KWH39TIO1YN;demo_comp_cct_10000025;Niclas Hedqvist;Möte med Niclas Hedqvist;2020-04-13 10:00;1900-01-01 00:30;2020-04-14 10:30
user_demo_comp_cct_10000008;AYQGJ;Grace Bark usr ;NPC70XFS6UZ;demo_comp_cct_10000026;Grace Bark;Möte med Grace Bark;2020-04-13 15:00;1900-01-01 00:30;2020-04-14 15:30
user_demo_comp_cct_10000009;ISRFY;Gloria Fransson usr ;EKK36EVR1SO;demo_comp_cct_10000027;Gloria Fransson;Möte med Gloria Fransson;2020-04-15 09:30;1900-01-01 00:30;2020-04-16 10:00
user_demo_comp_cct_10000010;CSXAK;Veronica Back usr ;XYI13VGW7FB;demo_comp_cct_10000028;Veronica Back;Möte med Veronica Back;2020-04-15 19:00;1900-01-01 00:30;2020-04-16 19:30
user_demo_comp_cct_10000011;DQXUJ;Gry Brodin usr ;IFC54DVV8HZ;demo_comp_cct_10000029;Gry Brodin;Möte med Gry Brodin;2020-04-07 20:00;1900-01-01 00:30;2020-04-08 20:30
user_demo_comp_cct_10000012;SZHWD;Therése Lindén usr ;YAY88NNX6SU;demo_comp_cct_10000030;Therése Lindén;Möte med Therése Lindén;2020-04-16 19:30;1900-01-01 00:30;2020-04-17 20:00
user_demo_comp_cct_10000013;WMAQQ;Kira Ryd usr ;YGK63NOP0ZL;demo_comp_cct_10000031;Kira Ryd;Möte med Kira Ryd;2020-04-08 14:30;1900-01-01 00:30;2020-04-09 15:00
user_demo_comp_cct_10000014;KNMME;Karla Sjöholm usr ;NZI85KDP0DB;demo_comp_cct_10000032;Karla Sjöholm;Möte med Karla Sjöholm;2020-04-08 11:00;1900-01-01 00:30;2020-04-09 11:30
user_demo_comp_cct_10000015;BYDBG;Alrik Lindkvist usr ;BDL20EIH7IH;demo_comp_cct_10000033;Alrik Lindkvist;Möte med Alrik Lindkvist;2020-04-06 11:00;1900-01-01 00:30;2020-04-07 11:30
user_demo_comp_cct_10000016;YEGOZ;Nilla Bergendahl usr ;GZW79CMS6BP;demo_comp_cct_10000034;Nilla Bergendahl;Möte med Nilla Bergendahl;2020-04-07 11:30;1900-01-01 00:30;2020-04-08 12:00
user_demo_comp_cct_10000017;NWMVB;Albina Ek usr ;JOZ29QAT6EY;demo_comp_cct_10000035;Albina Ek;Möte med Albina Ek;2020-04-16 18:00;1900-01-01 00:30;2020-04-17 18:30
user_demo_comp_cct_10000018;UOLXI;Rebecca Broman usr ;COB13BOY8BN;demo_comp_cct_10000036;Rebecca Broman;Möte med Rebecca Broman;2020-04-16 17:30;1900-01-01 00:30;2020-04-17 18:00
user_demo_comp_cct_10000019;VWQOD;Norea Hed usr ;ZOB36VHJ9QV;demo_comp_cct_10000037;Norea Hed;Möte med Norea Hed;2020-04-07 19:00;1900-01-01 00:30;2020-04-08 19:30
user_demo_comp_cct_10000020;PAIDG;Gerda Selberg usr ;HPA28BNH6QJ;demo_comp_cct_10000038;Gerda Selberg;Möte med Gerda Selberg;2020-04-17 20:00;1900-01-01 00:30;2020-04-18 20:30
user_demo_comp_cct_10000021;WBRRU;Amelie Malmkvist;VBL96JWQ2RZ;demo_comp_cct_10000039;Amelie Malmkvist;Möte med Amelie Malmkvist;2020-04-14 18:30;1900-01-01 00:30;2020-04-15 19:00
user_demo_comp_cct_10000022;DJVJZ;Vilhelm Bladh;PCA03TNC7EA;demo_comp_cct_10000040;Vilhelm Bladh;Möte med Vilhelm Bladh;2020-04-16 12:30;1900-01-01 00:30;2020-04-17 13:00
user_demo_comp_cct_10000023;PXGDX;Emily Nygren;HBP74VSM6NU;demo_comp_cct_10000041;Emily Nygren;Möte med Emily Nygren;2020-04-08 14:30;1900-01-01 00:30;2020-04-09 15:00
user_demo_comp_cct_10000024;JKFBY;Athena Hellstrand;QNQ11NAH2NX;demo_comp_cct_10000042;Athena Hellstrand;Möte med Athena Hellstrand;2020-04-06 09:30;1900-01-01 00:30;2020-04-07 10:00
user_demo_comp_cct_10000025;SHTGU;Anastasija Niemi;FLE87WUF6BI;demo_comp_cct_10000043;Anastasija Niemi;Möte med Anastasija Niemi;2020-04-15 13:00;1900-01-01 00:30;2020-04-16 13:30
user_demo_comp_cct_10000026;DIVKM;Dominic Rosberg;VSI73HGW9ZD;demo_comp_cct_10000044;Dominic Rosberg;Möte med Dominic Rosberg;2020-04-06 15:00;1900-01-01 00:30;2020-04-07 15:30
user_demo_comp_cct_10000027;SUGQL;Edmund Sigfridsson;SVP46FRN0WN;demo_comp_cct_10000045;Edmund Sigfridsson;Möte med Edmund Sigfridsson;2020-04-06 18:00;1900-01-01 00:30;2020-04-07 18:30
user_demo_comp_cct_10000028;ZHACA;Amanda Björn;HJN21PWF1LM;demo_comp_cct_10000046;Amanda Björn;Möte med Amanda Björn;2020-04-09 09:30;1900-01-01 00:30;2020-04-10 10:00
user_demo_comp_cct_10000029;TCNEO;Linnea Grönqvist;BLY83UJT5QL;demo_comp_cct_10000047;Linnea Grönqvist;Möte med Linnea Grönqvist;2020-04-10 18:30;1900-01-01 00:30;2020-04-11 19:00
user_demo_comp_cct_10000030;WFJOA;Eliza Brodin;EFB62WEJ9FY;demo_comp_cct_10000048;Eliza Brodin;Möte med Eliza Brodin;2020-04-10 18:00;1900-01-01 00:30;2020-04-11 18:30
user_demo_comp_cct_10000031;YXJEX;Christian Mattsson;TNT94GXY1OT;demo_comp_cct_10000049;Christian Mattsson;Möte med Christian Mattsson;2020-04-06 13:30;1900-01-01 00:30;2020-04-07 14:00
user_demo_comp_cct_10000032;QPRWB;Nicklas Adolfsson;VXE30GEO8RA;demo_comp_cct_10000050;Nicklas Adolfsson;Möte med Nicklas Adolfsson;2020-04-09 19:30;1900-01-01 00:30;2020-04-10 20:00
user_demo_comp_cct_10000033;EHGRQ;Destiny Öström;CGQ04OSD9FG;demo_comp_cct_10000051;Destiny Öström;Möte med Destiny Öström;2020-04-17 08:30;1900-01-01 00:30;2020-04-18 09:00
user_demo_comp_cct_10000034;BAXTR;Hanin Olofsson;GVR98PAH4AZ;demo_comp_cct_10000052;Hanin Olofsson;Möte med Hanin Olofsson;2020-04-17 13:30;1900-01-01 00:30;2020-04-18 14:00
user_demo_comp_cct_10000035;JTHFP;Mariam Ahlqvist;RQC68ZSC6NM;demo_comp_cct_10000053;Mariam Ahlqvist;Möte med Mariam Ahlqvist;2020-04-16 11:30;1900-01-01 00:30;2020-04-17 12:00
user_demo_comp_cct_10000036;CSWRG;Conny Hågman;TEL96RVI8OB;demo_comp_cct_10000054;Conny Hågman;Möte med Conny Hågman;2020-04-07 11:30;1900-01-01 00:30;2020-04-08 12:00
user_demo_comp_cct_10000037;JFRIR;Tuva-Li Håkansson;CZT51JEP3JC;demo_comp_cct_10000055;Tuva-Li Håkansson;Möte med Tuva-Li Håkansson;2020-04-17 13:00;1900-01-01 00:30;2020-04-18 13:30
user_demo_comp_cct_10000038;EYJZR;Jenna Konradsson;ZHM55ORD0AL;demo_comp_cct_10000056;Jenna Konradsson;Möte med Jenna Konradsson;2020-04-14 13:00;1900-01-01 00:30;2020-04-15 13:30
user_demo_comp_cct_10000039;HGMKP;Zoey Björn;HBW44CVA4SM;demo_comp_cct_10000057;Zoey Björn;Möte med Zoey Björn;2020-04-06 18:30;1900-01-01 00:30;2020-04-07 19:00
user_demo_comp_cct_10000040;FNJJP;Titus Boberg;VKH57VVG8QF;demo_comp_cct_10000058;Titus Boberg;Möte med Titus Boberg;2020-04-17 08:00;1900-01-01 00:30;2020-04-18 08:30
user_demo_comp_cct_10000041;DRDVC;Nea Gran;PWD60TTZ1UD;demo_comp_cct_10000059;Nea Gran;Möte med Nea Gran;2020-04-15 10:00;1900-01-01 00:30;2020-04-16 10:30
user_demo_comp_cct_10000042;RKYAP;Erica Sollerdahl;MEG03FDJ7EH;demo_comp_cct_10000060;Erica Sollerdahl;Möte med Erica Sollerdahl;2020-04-13 17:00;1900-01-01 00:30;2020-04-14 17:30
user_demo_comp_cct_10000043;JYYCI;Seved Fröjd;DTP18FVR2BP;demo_comp_cct_10000061;Seved Fröjd;Möte med Seved Fröjd;2020-04-13 12:00;1900-01-01 00:30;2020-04-14 12:30
user_demo_comp_cct_10000044;VIWSH;Pixie Wiberg;TUU41ASO4RR;demo_comp_cct_10000062;Pixie Wiberg;Möte med Pixie Wiberg;2020-04-09 08:00;1900-01-01 00:30;2020-04-10 08:30
user_demo_comp_cct_10000045;TKBFH;Jessie Hultman;TQC32TEB8ZA;demo_comp_cct_10000063;Jessie Hultman;Möte med Jessie Hultman;2020-04-08 12:00;1900-01-01 00:30;2020-04-09 12:30
user_demo_comp_cct_10000046;QAYKO;Juno Ljungberg;NWW49XMO7OI;demo_comp_cct_10000064;Juno Ljungberg;Möte med Juno Ljungberg;2020-04-17 18:30;1900-01-01 00:30;2020-04-18 19:00
user_demo_comp_cct_10000047;FUDTH;Emanuel Lindman;YIU47XIY9MO;demo_comp_cct_10000065;Emanuel Lindman;Möte med Emanuel Lindman;2020-04-09 13:00;1900-01-01 00:30;2020-04-10 13:30
user_demo_comp_cct_10000048;CGDUR;Tom Holmer;BOI14ZCQ3TJ;demo_comp_cct_10000066;Tom Holmer;Möte med Tom Holmer;2020-04-10 15:30;1900-01-01 00:30;2020-04-11 16:00
user_demo_comp_cct_10000049;YLZUP;Marcus Ljungdahl;QZG69MGD7KC;demo_comp_cct_10000067;Marcus Ljungdahl;Möte med Marcus Ljungdahl;2020-04-08 19:00;1900-01-01 00:30;2020-04-09 19:30
user_demo_comp_cct_10000050;ZPIPB;Estelle Ring;CMD66HMU6YV;demo_comp_cct_10000068;Estelle Ring;Möte med Estelle Ring;2020-04-08 15:00;1900-01-01 00:30;2020-04-09 15:30
user_demo_comp_cct_10000051;NYSGX;Miriam Tärnqvist;HIY01DFQ8EY;demo_comp_cct_10000069;Miriam Tärnqvist;Möte med Miriam Tärnqvist;2020-04-08 15:00;1900-01-01 00:30;2020-04-09 15:30
user_demo_comp_cct_10000052;HFAJC;Per Nordkvist;VKL66WTM2DM;demo_comp_cct_10000070;Per Nordkvist;Möte med Per Nordkvist;2020-04-15 09:30;1900-01-01 00:30;2020-04-16 10:00
user_demo_comp_cct_10000053;KPNRN;Isabel Burström;CGH50ZGE6OE;demo_comp_cct_10000071;Isabel Burström;Möte med Isabel Burström;2020-04-08 09:30;1900-01-01 00:30;2020-04-09 10:00
user_demo_comp_cct_10000054;CMDNW;Melina Bäcklund;LRM60RGP3EA;demo_comp_cct_10000072;Melina Bäcklund;Möte med Melina Bäcklund;2020-04-17 10:00;1900-01-01 00:30;2020-04-18 10:30
user_demo_comp_cct_10000055;XEIMK;Alvin Blomkvist;CXY11IKX1AO;demo_comp_cct_10000073;Alvin Blomkvist;Möte med Alvin Blomkvist;2020-04-07 08:30;1900-01-01 00:30;2020-04-08 09:00
user_demo_comp_cct_10000056;YXYXS;Natali Sahlén;NQV92BFQ9KO;demo_comp_cct_10000074;Natali Sahlén;Möte med Natali Sahlén;2020-04-16 15:30;1900-01-01 00:30;2020-04-17 16:00
user_demo_comp_cct_10000057;XJUXL;River Moberg;KZU48KBN7BN;demo_comp_cct_10000075;River Moberg;Möte med River Moberg;2020-04-09 09:00;1900-01-01 00:30;2020-04-10 09:30
user_demo_comp_cct_10000058;GUSQW;Edward Sjökvist;QPQ57EBQ9PL;demo_comp_cct_10000076;Edward Sjökvist;Möte med Edward Sjökvist;2020-04-06 10:30;1900-01-01 00:30;2020-04-07 11:00
user_demo_comp_cct_10000059;QQCTS;Eli Hågberg;UUZ70DSY8NG;demo_comp_cct_10000077;Eli Hågberg;Möte med Eli Hågberg;2020-04-17 15:30;1900-01-01 00:30;2020-04-18 16:00
user_demo_comp_cct_10000060;MZFOK;Anya Ståhl;GCW85DBN3PR;demo_comp_cct_10000078;Anya Ståhl;Möte med Anya Ståhl;2020-04-06 15:30;1900-01-01 00:30;2020-04-07 16:00
user_demo_comp_cct_10000061;NFGOT;Baltsar Norberg;OFB56PMV6QV;demo_comp_cct_10000079;Baltsar Norberg;Möte med Baltsar Norberg;2020-04-14 17:30;1900-01-01 00:30;2020-04-15 18:00
user_demo_comp_cct_10000062;QTHNY;Helga Hedin;GNW45UFF9ZT;demo_comp_cct_10000080;Helga Hedin;Möte med Helga Hedin;2020-04-06 19:30;1900-01-01 00:30;2020-04-07 20:00
user_demo_comp_cct_10000063;EMNFQ;Solveig Anell;UOC04BWI8TO;demo_comp_cct_10000081;Solveig Anell;Möte med Solveig Anell;2020-04-15 17:30;1900-01-01 00:30;2020-04-16 18:00
user_demo_comp_cct_10000064;SRQTU;Minja Broström;TJR06TSK8OC;demo_comp_cct_10000082;Minja Broström;Möte med Minja Broström;2020-04-07 09:30;1900-01-01 00:30;2020-04-08 10:00
user_demo_comp_cct_10000065;SLHQO;Edward Kjellberg;VGG99NGK3VY;demo_comp_cct_10000083;Edward Kjellberg;Möte med Edward Kjellberg;2020-04-16 18:30;1900-01-01 00:30;2020-04-17 19:00
user_demo_comp_cct_10000066;QSYQC;Louise Malmqvist;CPK87TAB1WC;demo_comp_cct_10000084;Louise Malmqvist;Möte med Louise Malmqvist;2020-04-08 08:30;1900-01-01 00:30;2020-04-09 09:00
user_demo_comp_cct_10000067;OATDA;Merve Vennberg;CWG97SUK2NK;demo_comp_cct_10000085;Merve Vennberg;Möte med Merve Vennberg;2020-04-06 13:30;1900-01-01 00:30;2020-04-07 14:00
user_demo_comp_cct_10000068;AYOIL;Noak Lund;KPR79DFL0DH;demo_comp_cct_10000086;Noak Lund;Möte med Noak Lund;2020-04-08 11:00;1900-01-01 00:30;2020-04-09 11:30
user_demo_comp_cct_10000069;RTMDT;Nore Oskarsson;TCP76ZOA3QJ;demo_comp_cct_10000087;Nore Oskarsson;Möte med Nore Oskarsson;2020-04-07 08:30;1900-01-01 00:30;2020-04-08 09:00
user_demo_comp_cct_10000070;UWNCB;Dana Olausson;HFH55KRK2QH;demo_comp_cct_10000088;Dana Olausson;Möte med Dana Olausson;2020-04-15 09:30;1900-01-01 00:30;2020-04-16 10:00
user_demo_comp_cct_10000071;YMNXJ;Penny Appelqvist;VWK74TKV4KR;demo_comp_cct_10000089;Penny Appelqvist;Möte med Penny Appelqvist;2020-04-16 13:00;1900-01-01 00:30;2020-04-17 13:30
user_demo_comp_cct_10000072;HWSHT;Gunnar Östberg;QVB43HLL6MW;demo_comp_cct_10000090;Gunnar Östberg;Möte med Gunnar Östberg;2020-04-09 14:00;1900-01-01 00:30;2020-04-10 14:30
user_demo_comp_cct_10000073;JBUVX;Signe Källström;GKU42YHH9TJ;demo_comp_cct_10000091;Signe Källström;Möte med Signe Källström;2020-04-17 10:00;1900-01-01 00:30;2020-04-18 10:30
user_demo_comp_cct_10000074;QZXKS;Zuzanna Hågberg;AJL28QIH5SB;demo_comp_cct_10000092;Zuzanna Hågberg;Möte med Zuzanna Hågberg;2020-04-15 19:30;1900-01-01 00:30;2020-04-16 20:00
user_demo_comp_cct_10000075;GJPVX;Sama Vesterlund;MNX11GYD4SD;demo_comp_cct_10000093;Sama Vesterlund;Möte med Sama Vesterlund;2020-04-13 18:00;1900-01-01 00:30;2020-04-14 18:30
user_demo_comp_cct_10000076;EGYEC;Nova-Li Ekman;AHL57AHP6LO;demo_comp_cct_10000094;Nova-Li Ekman;Möte med Nova-Li Ekman;2020-04-16 08:00;1900-01-01 00:30;2020-04-17 08:30
user_demo_comp_cct_10000077;CKBEP;Leonard Mattisson;MYS71RSN9ZO;demo_comp_cct_10000095;Leonard Mattisson;Möte med Leonard Mattisson;2020-04-17 11:00;1900-01-01 00:30;2020-04-18 11:30
user_demo_comp_cct_10000078;GSCND;Belle Vilhelmsson;OME99VMI4MN;demo_comp_cct_10000096;Belle Vilhelmsson;Möte med Belle Vilhelmsson;2020-04-10 11:30;1900-01-01 00:30;2020-04-11 12:00
user_demo_comp_cct_10000079;XZVWQ;Kent Vesterlund;DOI68MKO6PM;demo_comp_cct_10000097;Kent Vesterlund;Möte med Kent Vesterlund;2020-04-08 10:00;1900-01-01 00:30;2020-04-09 10:30
user_demo_comp_cct_10000080;IIRTC;Alexandra Borg;AIS74XLH7KX;demo_comp_cct_10000098;Alexandra Borg;Möte med Alexandra Borg;2020-04-13 13:00;1900-01-01 00:30;2020-04-14 13:30
user_demo_comp_cct_10000081;QZPTC;Haley Hellsten;ZPP22AZB0VN;demo_comp_cct_10000099;Haley Hellsten;Möte med Haley Hellsten;2020-04-08 19:30;1900-01-01 00:30;2020-04-09 20:00
user_demo_comp_cct_10000082;VKQST;Melker Rönn;UGK61URP2BG;demo_comp_cct_10000100;Melker Rönn;Möte med Melker Rönn;2020-04-09 11:00;1900-01-01 00:30;2020-04-10 11:30
user_demo_comp_cct_10000083;RSZXK;Therése Danielsson;CWY50XIL5AY;demo_comp_cct_10000101;Therése Danielsson;Möte med Therése Danielsson;2020-04-07 14:30;1900-01-01 00:30;2020-04-08 15:00
user_demo_comp_cct_10000084;JTYFC;Beda Rasmusson;ACO05HBI8AT;demo_comp_cct_10000102;Beda Rasmusson;Möte med Beda Rasmusson;2020-04-07 18:30;1900-01-01 00:30;2020-04-08 19:00
user_demo_comp_cct_10000085;AMFNO;Helen Kjellgren;JLE52ICZ6LV;demo_comp_cct_10000103;Helen Kjellgren;Möte med Helen Kjellgren;2020-04-15 13:00;1900-01-01 00:30;2020-04-16 13:30
user_demo_comp_cct_10000086;ACWEC;Jake Velander;DTL56VDO7RR;demo_comp_cct_10000104;Jake Velander;Möte med Jake Velander;2020-04-17 19:00;1900-01-01 00:30;2020-04-18 19:30
user_demo_comp_cct_10000087;IIZNI;Ester Roslund;MKV23KBX5ML;demo_comp_cct_10000105;Ester Roslund;Möte med Ester Roslund;2020-04-10 15:00;1900-01-01 00:30;2020-04-11 15:30
user_demo_comp_cct_10000088;VYRBF;Melina Birgersson;DAR37HSL3GG;demo_comp_cct_10000106;Melina Birgersson;Möte med Melina Birgersson;2020-04-09 11:30;1900-01-01 00:30;2020-04-10 12:00
user_demo_comp_cct_10000089;IMCLD;Adel Melander;AQR99DUU6YT;demo_comp_cct_10000107;Adel Melander;Möte med Adel Melander;2020-04-17 10:30;1900-01-01 00:30;2020-04-18 11:00
user_demo_comp_cct_10000090;SOOFE;Zeynep Lagerqvist;UPG02BPX4ED;demo_comp_cct_10000108;Zeynep Lagerqvist;Möte med Zeynep Lagerqvist;2020-04-14 08:30;1900-01-01 00:30;2020-04-15 09:00
user_demo_comp_cct_10000091;TMYOG;Calle Hellman;APT81YJU4XI;demo_comp_cct_10000109;Calle Hellman;Möte med Calle Hellman;2020-04-15 12:00;1900-01-01 00:30;2020-04-16 12:30
user_demo_comp_cct_10000092;XXUJQ;Indra Broberg;LEW40JVD6DH;demo_comp_cct_10000110;Indra Broberg;Möte med Indra Broberg;2020-04-09 12:00;1900-01-01 00:30;2020-04-10 12:30
user_demo_comp_cct_10000093;ADPNT;Reinhold Back;BAU55PDJ5TD;demo_comp_cct_10000111;Reinhold Back;Möte med Reinhold Back;2020-04-15 18:00;1900-01-01 00:30;2020-04-16 18:30
user_demo_comp_cct_10000094;EWKQS;Dima Kjellin;XEI30LHI8DL;demo_comp_cct_10000112;Dima Kjellin;Möte med Dima Kjellin;2020-04-07 18:30;1900-01-01 00:30;2020-04-08 19:00
user_demo_comp_cct_10000095;SZHKI;Enar Grundström;ZZW51WDI5EQ;demo_comp_cct_10000113;Enar Grundström;Möte med Enar Grundström;2020-04-15 11:00;1900-01-01 00:30;2020-04-16 11:30
user_demo_comp_cct_10000096;JLQEP;Tryggve Svedlund;RZU50OLO8ZP;demo_comp_cct_10000114;Tryggve Svedlund;Möte med Tryggve Svedlund;2020-04-08 18:00;1900-01-01 00:30;2020-04-09 18:30
user_demo_comp_cct_10000097;AQZTO;Einar Thörn;KCE53LUO6SB;demo_comp_cct_10000115;Einar Thörn;Möte med Einar Thörn;2020-04-16 08:30;1900-01-01 00:30;2020-04-17 09:00
user_demo_comp_cct_10000098;UREAU;Kitty Brodin;QOD63LNF1XQ;demo_comp_cct_10000116;Kitty Brodin;Möte med Kitty Brodin;2020-04-15 10:30;1900-01-01 00:30;2020-04-16 11:00
user_demo_comp_cct_10000099;HUTBQ;Allis Forsberg;WDM53EUN6UQ;demo_comp_cct_10000117;Allis Forsberg;Möte med Allis Forsberg;2020-04-13 14:00;1900-01-01 00:30;2020-04-14 14:30
user_demo_comp_cct_10000100;LXLDG;Patrick Freij;RKO14VEL2LY;demo_comp_cct_10000118;Patrick Freij;Möte med Patrick Freij;2020-04-17 17:30;1900-01-01 00:30;2020-04-18 18:00
user_demo_comp_cct_10000101;TBXWG;Teo Håkansson;TSV47YYP3IO;demo_comp_cct_10000119;Teo Håkansson;Möte med Teo Håkansson;2020-04-07 14:00;1900-01-01 00:30;2020-04-08 14:30
user_demo_comp_cct_10000102;ZXUYH;Malin Vilhelmsson;YKV01HEN4AF;demo_comp_cct_10000120;Malin Vilhelmsson;Möte med Malin Vilhelmsson;2020-04-16 11:30;1900-01-01 00:30;2020-04-17 12:00
user_demo_comp_cct_10000103;GZYQD;Nicolas Söderblom;VLT18AUB1CY;demo_comp_cct_10000121;Nicolas Söderblom;Möte med Nicolas Söderblom;2020-04-17 16:00;1900-01-01 00:30;2020-04-18 16:30
user_demo_comp_cct_10000104;ZXYRG;Brian Elfström;WOA69WVJ5VG;demo_comp_cct_10000122;Brian Elfström;Möte med Brian Elfström;2020-04-15 09:00;1900-01-01 00:30;2020-04-16 09:30
user_demo_comp_cct_10000105;UAUAC;Charlotte Benjaminsson;RCZ86GZB3RW;demo_comp_cct_10000123;Charlotte Benjaminsson;Möte med Charlotte Benjaminsson;2020-04-10 15:00;1900-01-01 00:30;2020-04-11 15:30
user_demo_comp_cct_10000106;VHWQT;Susanna Brink;HSB74KCC9CR;demo_comp_cct_10000124;Susanna Brink;Möte med Susanna Brink;2020-04-15 09:00;1900-01-01 00:30;2020-04-16 09:30
user_demo_comp_cct_10000107;BTLZS;Zelda Fridh;EAI15YXU0VC;demo_comp_cct_10000125;Zelda Fridh;Möte med Zelda Fridh;2020-04-07 20:00;1900-01-01 00:30;2020-04-08 20:30
user_demo_comp_cct_10000108;EFRMI;Tyra Söderlind;PVI36TIU5XW;demo_comp_cct_10000126;Tyra Söderlind;Möte med Tyra Söderlind;2020-04-14 16:30;1900-01-01 00:30;2020-04-15 17:00
user_demo_comp_cct_10000109;TUNWD;Lava Lundholm;WYE83XKF9YR;demo_comp_cct_10000127;Lava Lundholm;Möte med Lava Lundholm;2020-04-06 11:00;1900-01-01 00:30;2020-04-07 11:30
user_demo_comp_cct_10000110;EJERZ;Gerhard Linde;NNA41OFQ0WX;demo_comp_cct_10000128;Gerhard Linde;Möte med Gerhard Linde;2020-04-15 19:30;1900-01-01 00:30;2020-04-16 20:00
user_demo_comp_cct_10000111;UGIWI;Nikki Åsberg;QPE86XHM2KK;demo_comp_cct_10000129;Nikki Åsberg;Möte med Nikki Åsberg;2020-04-06 09:00;1900-01-01 00:30;2020-04-07 09:30
user_demo_comp_cct_10000112;DRBZO;Ted Lövgren;PFA33QTX1QY;demo_comp_cct_10000130;Ted Lövgren;Möte med Ted Lövgren;2020-04-10 15:30;1900-01-01 00:30;2020-04-11 16:00
user_demo_comp_cct_10000113;ALVMB;Irja Olsén;OLP91YHR4TT;demo_comp_cct_10000131;Irja Olsén;Möte med Irja Olsén;2020-04-07 20:00;1900-01-01 00:30;2020-04-08 20:30
user_demo_comp_cct_10000114;ZLWNG;Abel Ålander;LGH22ULR7EL;demo_comp_cct_10000132;Abel Ålander;Möte med Abel Ålander;2020-04-09 10:00;1900-01-01 00:30;2020-04-10 10:30
user_demo_comp_cct_10000115;DBGET;Carl Holgersson;GEC28CLR8PW;demo_comp_cct_10000133;Carl Holgersson;Möte med Carl Holgersson;2020-04-07 20:00;1900-01-01 00:30;2020-04-08 20:30
user_demo_comp_cct_10000116;TIJGB;Emelia Kallin;ENJ97EBG1DR;demo_comp_cct_10000134;Emelia Kallin;Möte med Emelia Kallin;2020-04-08 11:30;1900-01-01 00:30;2020-04-09 12:00
user_demo_comp_cct_10000117;TEEFP;Mathilda Lovén;XPS01KCP1CS;demo_comp_cct_10000135;Mathilda Lovén;Möte med Mathilda Lovén;2020-04-07 12:00;1900-01-01 00:30;2020-04-08 12:30
user_demo_comp_cct_10000118;XSFZL;Grace Sander;FIR67VZS3EY;demo_comp_cct_10000136;Grace Sander;Möte med Grace Sander;2020-04-09 16:00;1900-01-01 00:30;2020-04-10 16:30
user_demo_comp_cct_10000119;YKICH;Beatrice Ling;NOY00SHT9VX;demo_comp_cct_10000137;Beatrice Ling;Möte med Beatrice Ling;2020-04-08 17:00;1900-01-01 00:30;2020-04-09 17:30
user_demo_comp_cct_10000120;IDVKF;Svea Fröjd;FSR42DVN5SM;demo_comp_cct_10000138;Svea Fröjd;Möte med Svea Fröjd;2020-04-13 14:00;1900-01-01 00:30;2020-04-14 14:30
user_demo_comp_cct_10000121;XXZJG;Irem Vilhelmsson;VTE43YSC5UP;demo_comp_cct_10000139;Irem Vilhelmsson;Möte med Irem Vilhelmsson;2020-04-07 19:00;1900-01-01 00:30;2020-04-08 19:30
user_demo_comp_cct_10000122;WSWWJ;Said Strandberg;USD82KST0EH;demo_comp_cct_10000140;Said Strandberg;Möte med Said Strandberg;2020-04-13 12:00;1900-01-01 00:30;2020-04-14 12:30
user_demo_comp_cct_10000123;ILHDD;Valdemar Grip;SBK17KQO7SI;demo_comp_cct_10000141;Valdemar Grip;Möte med Valdemar Grip;2020-04-06 08:30;1900-01-01 00:30;2020-04-07 09:00
user_demo_comp_cct_10000124;FFUXZ;Jacob Öström;ENO91SPZ7YU;demo_comp_cct_10000142;Jacob Öström;Möte med Jacob Öström;2020-04-13 08:00;1900-01-01 00:30;2020-04-14 08:30
user_demo_comp_cct_10000125;LYKDX;Tommy Blomkvist;CFC96SWS5EU;demo_comp_cct_10000143;Tommy Blomkvist;Möte med Tommy Blomkvist;2020-04-14 08:00;1900-01-01 00:30;2020-04-15 08:30
user_demo_comp_cct_10000126;YCKFS;Adina Sandström;VJG89AMM9WV;demo_comp_cct_10000144;Adina Sandström;Möte med Adina Sandström;2020-04-16 14:00;1900-01-01 00:30;2020-04-17 14:30
user_demo_comp_cct_10000127;ENAGW;Diana Selberg;TGZ45NYI5PD;demo_comp_cct_10000145;Diana Selberg;Möte med Diana Selberg;2020-04-16 10:30;1900-01-01 00:30;2020-04-17 11:00
user_demo_comp_cct_10000128;XSREA;Marcus Vik;ANK48XNQ2WO;demo_comp_cct_10000146;Marcus Vik;Möte med Marcus Vik;2020-04-13 10:00;1900-01-01 00:30;2020-04-14 10:30
user_demo_comp_cct_10000129;ADXJY;Kristian Svärd;RFR81BMC9QT;demo_comp_cct_10000147;Kristian Svärd;Möte med Kristian Svärd;2020-04-10 08:00;1900-01-01 00:30;2020-04-11 08:30
user_demo_comp_cct_10000130;ABYOP;Folke Roth;JGW25EMK5EZ;demo_comp_cct_10000148;Folke Roth;Möte med Folke Roth;2020-04-07 14:00;1900-01-01 00:30;2020-04-08 14:30
user_demo_comp_cct_10000131;UBAEI;Aleksander Klang;KEV29YNL1KV;demo_comp_cct_10000149;Aleksander Klang;Möte med Aleksander Klang;2020-04-08 08:00;1900-01-01 00:30;2020-04-09 08:30
user_demo_comp_cct_10000132;DVGLE;Malcolm Abrahamsson;QKY42IYY2TU;demo_comp_cct_10000150;Malcolm Abrahamsson;Möte med Malcolm Abrahamsson;2020-04-07 16:30;1900-01-01 00:30;2020-04-08 17:00
user_demo_comp_cct_10000133;ZJLRH;Sigge Nyqvist;BVU50DKB0QI;demo_comp_cct_10000151;Sigge Nyqvist;Möte med Sigge Nyqvist;2020-04-07 14:30;1900-01-01 00:30;2020-04-08 15:00
user_demo_comp_cct_10000134;AIGSK;Iza Frid;XIT20WNV1KB;demo_comp_cct_10000152;Iza Frid;Möte med Iza Frid;2020-04-10 15:00;1900-01-01 00:30;2020-04-11 15:30
user_demo_comp_cct_10000135;AWVKA;Aina Davidsson;YAS31MKA5OU;demo_comp_cct_10000153;Aina Davidsson;Möte med Aina Davidsson;2020-04-13 09:30;1900-01-01 00:30;2020-04-14 10:00
user_demo_comp_cct_10000136;XQXNE;Isac Rasmussen;QKC37WNT9MQ;demo_comp_cct_10000154;Isac Rasmussen;Möte med Isac Rasmussen;2020-04-06 19:30;1900-01-01 00:30;2020-04-07 20:00
user_demo_comp_cct_10000137;KTAJF;Salma Bengtsson;NRA03OVF8XR;demo_comp_cct_10000155;Salma Bengtsson;Möte med Salma Bengtsson;2020-04-06 16:00;1900-01-01 00:30;2020-04-07 16:30
user_demo_comp_cct_10000138;BQVCS;Eleonora Zander;YTR36VXR3MG;demo_comp_cct_10000156;Eleonora Zander;Möte med Eleonora Zander;2020-04-15 09:30;1900-01-01 00:30;2020-04-16 10:00
user_demo_comp_cct_10000139;TMKRD;Tess Wendel;NGV36JZP4TF;demo_comp_cct_10000157;Tess Wendel;Möte med Tess Wendel;2020-04-06 17:30;1900-01-01 00:30;2020-04-07 18:00
user_demo_comp_cct_10000140;VHWWC;Jamie Karlén;AON99HGF2DS;demo_comp_cct_10000158;Jamie Karlén;Möte med Jamie Karlén;2020-04-10 09:30;1900-01-01 00:30;2020-04-11 10:00
user_demo_comp_cct_10000141;DXJOQ;Xavier Johnsson;GGB70DMM0HO;demo_comp_cct_10000159;Xavier Johnsson;Möte med Xavier Johnsson;2020-04-15 08:00;1900-01-01 00:30;2020-04-16 08:30
user_demo_comp_cct_10000142;CUZND;Ville Cederberg;HKH21WNA4PK;demo_comp_cct_10000160;Ville Cederberg;Möte med Ville Cederberg;2020-04-17 15:30;1900-01-01 00:30;2020-04-18 16:00
user_demo_comp_cct_10000143;JTZBI;Billy Glad;JQH58CVV1ZP;demo_comp_cct_10000161;Billy Glad;Möte med Billy Glad;2020-04-15 12:30;1900-01-01 00:30;2020-04-16 13:00
user_demo_comp_cct_10000144;NHEDF;Nikolaj Fagerström;HAO82XOI1FY;demo_comp_cct_10000162;Nikolaj Fagerström;Möte med Nikolaj Fagerström;2020-04-17 19:00;1900-01-01 00:30;2020-04-18 19:30
user_demo_comp_cct_10000145;FTBQC;Tore Lindström;PJO77WKZ1WK;demo_comp_cct_10000163;Tore Lindström;Möte med Tore Lindström;2020-04-07 14:00;1900-01-01 00:30;2020-04-08 14:30
user_demo_comp_cct_10000146;XRHJH;Lejla Wennerberg;DFZ56FMR1OG;demo_comp_cct_10000164;Lejla Wennerberg;Möte med Lejla Wennerberg;2020-04-10 12:00;1900-01-01 00:30;2020-04-11 12:30
user_demo_comp_cct_10000147;CSZXM;Maija Hallman;PWC74SKX9EC;demo_comp_cct_10000165;Maija Hallman;Möte med Maija Hallman;2020-04-08 12:00;1900-01-01 00:30;2020-04-09 12:30
user_demo_comp_cct_10000148;PVBGE;Seth Håll;CON83AMQ1PD;demo_comp_cct_10000166;Seth Håll;Möte med Seth Håll;2020-04-06 16:00;1900-01-01 00:30;2020-04-07 16:30
user_demo_comp_cct_10000149;EQKOH;Amelia Lindroth;ERM28LHO0NA;demo_comp_cct_10000167;Amelia Lindroth;Möte med Amelia Lindroth;2020-04-16 10:30;1900-01-01 00:30;2020-04-17 11:00
user_demo_comp_cct_10000150;HQOJQ;Muhammed Löfberg;SCP04MLO8FA;demo_comp_cct_10000168;Muhammed Löfberg;Möte med Muhammed Löfberg;2020-04-15 11:00;1900-01-01 00:30;2020-04-16 11:30
user_demo_comp_cct_10000151;RIIQY;Reine Malm;WVD81NBU0ON;demo_comp_cct_10000169;Reine Malm;Möte med Reine Malm;2020-04-14 09:00;1900-01-01 00:30;2020-04-15 09:30
user_demo_comp_cct_10000152;GSMVG;Manne Wallén;LCT70WSN8RM;demo_comp_cct_10000170;Manne Wallén;Möte med Manne Wallén;2020-04-06 14:00;1900-01-01 00:30;2020-04-07 14:30
user_demo_comp_cct_10000153;GJOKZ;Leiah Appelqvist;XZG88MAZ4JR;demo_comp_cct_10000171;Leiah Appelqvist;Möte med Leiah Appelqvist;2020-04-17 12:30;1900-01-01 00:30;2020-04-18 13:00
user_demo_comp_cct_10000154;IYEYK;Havin Sandqvist;AYA49LKF2IJ;demo_comp_cct_10000172;Havin Sandqvist;Möte med Havin Sandqvist;2020-04-17 09:30;1900-01-01 00:30;2020-04-18 10:00
user_demo_comp_cct_10000155;CGYOQ;Troy Berglin;YDR81ZIB8AI;demo_comp_cct_10000173;Troy Berglin;Möte med Troy Berglin;2020-04-09 17:30;1900-01-01 00:30;2020-04-10 18:00
user_demo_comp_cct_10000156;RPIQP;Matilda Bryngelsson;PWH46CGK2MG;demo_comp_cct_10000174;Matilda Bryngelsson;Möte med Matilda Bryngelsson;2020-04-13 16:30;1900-01-01 00:30;2020-04-14 17:00
user_demo_comp_cct_10000157;VUJET;Towa Bengtsson;EHT83JLF4EP;demo_comp_cct_10000175;Towa Bengtsson;Möte med Towa Bengtsson;2020-04-10 14:30;1900-01-01 00:30;2020-04-11 15:00
user_demo_comp_cct_10000158;TSVIS;Adèle Rönnbäck;ZCL02IDE5YS;demo_comp_cct_10000176;Adèle Rönnbäck;Möte med Adèle Rönnbäck;2020-04-16 09:00;1900-01-01 00:30;2020-04-17 09:30
user_demo_comp_cct_10000159;NVOEF;Melvin Svensk;NDB59VDK3BL;demo_comp_cct_10000177;Melvin Svensk;Möte med Melvin Svensk;2020-04-16 13:00;1900-01-01 00:30;2020-04-17 13:30
user_demo_comp_cct_10000160;NUPAB;Ilona Albertsson;SSQ16CJA5PP;demo_comp_cct_10000178;Ilona Albertsson;Möte med Ilona Albertsson;2020-04-10 10:00;1900-01-01 00:30;2020-04-11 10:30
user_demo_comp_cct_10000161;LJYVY;Fiona Andrén;EIA96SQR3OY;demo_comp_cct_10000179;Fiona Andrén;Möte med Fiona Andrén;2020-04-08 14:00;1900-01-01 00:30;2020-04-09 14:30
user_demo_comp_cct_10000162;UZLJZ;Manfred Strand;RTH48WPT0UW;demo_comp_cct_10000180;Manfred Strand;Möte med Manfred Strand;2020-04-08 19:00;1900-01-01 00:30;2020-04-09 19:30
user_demo_comp_cct_10000163;BHNWS;Sabina Käck;PLY13ZSZ0CH;demo_comp_cct_10000181;Sabina Käck;Möte med Sabina Käck;2020-04-09 09:30;1900-01-01 00:30;2020-04-10 10:00
user_demo_comp_cct_10000164;FVJXE;Sara Granath;GMD15XXM7DV;demo_comp_cct_10000182;Sara Granath;Möte med Sara Granath;2020-04-14 09:30;1900-01-01 00:30;2020-04-15 10:00
user_demo_comp_cct_10000165;TYRBG;Zahra Holmgren;JVH35XCX6OF;demo_comp_cct_10000183;Zahra Holmgren;Möte med Zahra Holmgren;2020-04-09 17:30;1900-01-01 00:30;2020-04-10 18:00
user_demo_comp_cct_10000166;LUUNY;Eila Fernström;ZOT18JSR8QV;demo_comp_cct_10000184;Eila Fernström;Möte med Eila Fernström;2020-04-06 11:00;1900-01-01 00:30;2020-04-07 11:30
user_demo_comp_cct_10000167;UIQUD;David Carlén;COS19LDT6RO;demo_comp_cct_10000185;David Carlén;Möte med David Carlén;2020-04-13 17:00;1900-01-01 00:30;2020-04-14 17:30
user_demo_comp_cct_10000168;BDIPX;Thea Bergkvist;OGJ72NWC9YC;demo_comp_cct_10000186;Thea Bergkvist;Möte med Thea Bergkvist;2020-04-10 08:00;1900-01-01 00:30;2020-04-11 08:30
user_demo_comp_cct_10000169;TLOSU;Stefan Haglund;ESF00TMF8CO;demo_comp_cct_10000187;Stefan Haglund;Möte med Stefan Haglund;2020-04-15 11:30;1900-01-01 00:30;2020-04-16 12:00
user_demo_comp_cct_10000170;SOBCY;Athena Källgren;SRD69XKQ0NF;demo_comp_cct_10000188;Athena Källgren;Möte med Athena Källgren;2020-04-14 17:00;1900-01-01 00:30;2020-04-15 17:30
user_demo_comp_cct_10000171;IATMO;Aprilia Dahlström;WOH56REI7QB;demo_comp_cct_10000189;Aprilia Dahlström;Möte med Aprilia Dahlström;2020-04-08 11:00;1900-01-01 00:30;2020-04-09 11:30
user_demo_comp_cct_10000172;RGYGH;Camilla Ahlström;PNM07EOS1QH;demo_comp_cct_10000190;Camilla Ahlström;Möte med Camilla Ahlström;2020-04-08 13:00;1900-01-01 00:30;2020-04-09 13:30
user_demo_comp_cct_10000173;FWRRG;Jill Folkesson;VQF01QFX8ZI;demo_comp_cct_10000191;Jill Folkesson;Möte med Jill Folkesson;2020-04-14 13:00;1900-01-01 00:30;2020-04-15 13:30
user_demo_comp_cct_10000174;ROLEM;Emir Bergvall;ZDI42CBZ5ZF;demo_comp_cct_10000192;Emir Bergvall;Möte med Emir Bergvall;2020-04-07 12:30;1900-01-01 00:30;2020-04-08 13:00
user_demo_comp_cct_10000175;QPGLG;Omar Löngström;CPZ15CYF7UD;demo_comp_cct_10000193;Omar Löngström;Möte med Omar Löngström;2020-04-15 18:00;1900-01-01 00:30;2020-04-16 18:30
user_demo_comp_cct_10000176;XYORU;Emre Kleverö;DHA10PVH7GD;demo_comp_cct_10000194;Emre Kleverö;Möte med Emre Kleverö;2020-04-06 13:30;1900-01-01 00:30;2020-04-07 14:00
user_demo_comp_cct_10000177;BZQSJ;Chanel Samuelsson;UCK56EXV4HV;demo_comp_cct_10000195;Chanel Samuelsson;Möte med Chanel Samuelsson;2020-04-08 17:00;1900-01-01 00:30;2020-04-09 17:30
user_demo_comp_cct_10000178;DAWTE;Izabelle Thorsson;EWV81XRS9FA;demo_comp_cct_10000196;Izabelle Thorsson;Möte med Izabelle Thorsson;2020-04-08 09:30;1900-01-01 00:30;2020-04-09 10:00
user_demo_comp_cct_10000179;MRYEV;Zoe Hilmersson;YQH67PWE9HK;demo_comp_cct_10000197;Zoe Hilmersson;Möte med Zoe Hilmersson;2020-04-08 09:00;1900-01-01 00:30;2020-04-09 09:30
user_demo_comp_cct_10000180;IFCZE;Alexis Knutsson;ERQ94OIP5XW;demo_comp_cct_10000198;Alexis Knutsson;Möte med Alexis Knutsson;2020-04-10 10:00;1900-01-01 00:30;2020-04-11 10:30
user_demo_comp_cct_10000181;VFGUD;Petra Gunnarsson;TLO31KNT7XD;demo_comp_cct_10000199;Petra Gunnarsson;Möte med Petra Gunnarsson;2020-04-09 12:30;1900-01-01 00:30;2020-04-10 13:00
user_demo_comp_cct_10000182;ISPNT;Stefan Bruhn;QXC80TRW0PR;demo_comp_cct_10000200;Stefan Bruhn;Möte med Stefan Bruhn;2020-04-10 09:30;1900-01-01 00:30;2020-04-11 10:00
user_demo_comp_cct_10000183;WXDID;Tanja Wester;DVG16CSJ5BR;demo_comp_cct_10000201;Tanja Wester;Möte med Tanja Wester;2020-04-13 10:30;1900-01-01 00:30;2020-04-14 11:00
user_demo_comp_cct_10000184;YQZTD;Amela Åstrand;DLQ66YEW9CE;demo_comp_cct_10000202;Amela Åstrand;Möte med Amela Åstrand;2020-04-16 09:30;1900-01-01 00:30;2020-04-17 10:00
user_demo_comp_cct_10000185;VDMRE;Elof Åkerberg;HRR41PRH4TR;demo_comp_cct_10000203;Elof Åkerberg;Möte med Elof Åkerberg;2020-04-14 17:30;1900-01-01 00:30;2020-04-15 18:00
user_demo_comp_cct_10000186;ALBQD;Bruno Söderqvist;QNU47QBN7SL;demo_comp_cct_10000204;Bruno Söderqvist;Möte med Bruno Söderqvist;2020-04-13 09:30;1900-01-01 00:30;2020-04-14 10:00
user_demo_comp_cct_10000187;FKVQH;Edvard Stoltz;NMZ53UJL9XT;demo_comp_cct_10000205;Edvard Stoltz;Möte med Edvard Stoltz;2020-04-06 11:00;1900-01-01 00:30;2020-04-07 11:30
user_demo_comp_cct_10000188;IOVIM;Denis Nordstrand;WWA84WPD1CS;demo_comp_cct_10000206;Denis Nordstrand;Möte med Denis Nordstrand;2020-04-13 12:30;1900-01-01 00:30;2020-04-14 13:00
user_demo_comp_cct_10000189;RIQKY;Juno Löfgren;YRQ62TIG7NS;demo_comp_cct_10000207;Juno Löfgren;Möte med Juno Löfgren;2020-04-08 11:30;1900-01-01 00:30;2020-04-09 12:00
user_demo_comp_cct_10000190;YALBP;Liv Lindroth;PTU40PCC3UO;demo_comp_cct_10000208;Liv Lindroth;Möte med Liv Lindroth;2020-04-16 08:30;1900-01-01 00:30;2020-04-17 09:00
user_demo_comp_cct_10000191;WMPQL;Jessica Schmidt;QXO75YMU8AV;demo_comp_cct_10000209;Jessica Schmidt;Möte med Jessica Schmidt;2020-04-17 15:00;1900-01-01 00:30;2020-04-18 15:30
user_demo_comp_cct_10000192;CZIKE;Malou Birgersson;BLG62YLP7EQ;demo_comp_cct_10000210;Malou Birgersson;Möte med Malou Birgersson;2020-04-14 09:30;1900-01-01 00:30;2020-04-15 10:00
user_demo_comp_cct_10000193;YRSXC;Jonatan Lindholm;HWH31GPQ6QO;demo_comp_cct_10000211;Jonatan Lindholm;Möte med Jonatan Lindholm;2020-04-15 20:00;1900-01-01 00:30;2020-04-16 20:30
user_demo_comp_cct_10000194;LBQOP;Hektor Cedergren;JBE60EBY5EN;demo_comp_cct_10000212;Hektor Cedergren;Möte med Hektor Cedergren;2020-04-15 12:00;1900-01-01 00:30;2020-04-16 12:30
user_demo_comp_cct_10000195;OZPHA;Betty Boberg;RPU59AGN5OW;demo_comp_cct_10000213;Betty Boberg;Möte med Betty Boberg;2020-04-16 14:00;1900-01-01 00:30;2020-04-17 14:30
user_demo_comp_cct_10000196;TRKEP;Elna Sundberg;PEK39BSA8OS;demo_comp_cct_10000214;Elna Sundberg;Möte med Elna Sundberg;2020-04-14 18:30;1900-01-01 00:30;2020-04-15 19:00
user_demo_comp_cct_10000197;CWJVA;Leona Hed;GHL56QRF5MI;demo_comp_cct_10000215;Leona Hed;Möte med Leona Hed;2020-04-14 17:00;1900-01-01 00:30;2020-04-15 17:30
user_demo_comp_cct_10000198;TBEOV;Elvira Björnsson;AZW79JNC5WK;demo_comp_cct_10000216;Elvira Björnsson;Möte med Elvira Björnsson;2020-04-15 11:30;1900-01-01 00:30;2020-04-16 12:00
user_demo_comp_cct_10000199;ZODOS;Oskar Näsström;YFD87BYL0ZL;demo_comp_cct_10000217;Oskar Näsström;Möte med Oskar Näsström;2020-04-07 13:00;1900-01-01 00:30;2020-04-08 13:30
user_demo_comp_cct_10000200;RRMZW;Alexia Nordling;ELG71XIU4JX;demo_comp_cct_10000218;Alexia Nordling;Möte med Alexia Nordling;2020-04-13 15:30;1900-01-01 00:30;2020-04-14 16:00
user_demo_comp_cct_10000201;DWYQW;Jakob Landén;GMD15XXM7DV;demo_comp_cct_10000219;Jakob Landén;Möte med Jakob Landén;2020-04-06 08:00;1900-01-01 00:30;2020-04-07 08:30
user_demo_comp_cct_10000202;RGHBL;Ove Nylund;JVH35XCX6OF;demo_comp_cct_10000220;Ove Nylund;Möte med Ove Nylund;2020-04-10 19:00;1900-01-01 00:30;2020-04-11 19:30
user_demo_comp_cct_10000203;SLRPF;Nova Näsman;ZOT18JSR8QV;demo_comp_cct_10000221;Nova Näsman;Möte med Nova Näsman;2020-04-16 20:00;1900-01-01 00:30;2020-04-17 20:30
user_demo_comp_cct_10000204;UPIYS;Marcus Lovén;COS19LDT6RO;demo_comp_cct_10000222;Marcus Lovén;Möte med Marcus Lovén;2020-04-09 14:30;1900-01-01 00:30;2020-04-10 15:00
user_demo_comp_cct_10000205;UGHZU;Michaela Söderlund;OGJ72NWC9YC;demo_comp_cct_10000223;Michaela Söderlund;Möte med Michaela Söderlund;2020-04-06 12:00;1900-01-01 00:30;2020-04-07 12:30
user_demo_comp_cct_10000206;AAXCY;Valentin Lundkvist;ESF00TMF8CO;demo_comp_cct_10000224;Valentin Lundkvist;Möte med Valentin Lundkvist;2020-04-09 20:00;1900-01-01 00:30;2020-04-10 20:30
user_demo_comp_cct_10000207;SHVLY;Stellan Franzén;SRD69XKQ0NF;demo_comp_cct_10000225;Stellan Franzén;Möte med Stellan Franzén;2020-04-13 14:30;1900-01-01 00:30;2020-04-14 15:00
user_demo_comp_cct_10000208;DWKME;Holmfrid Forsmark;WOH56REI7QB;demo_comp_cct_10000226;Holmfrid Forsmark;Möte med Holmfrid Forsmark;2020-04-06 20:00;1900-01-01 00:30;2020-04-07 20:30
user_demo_comp_cct_10000209;ZBKZQ;Ivar Lundqvist;PNM07EOS1QH;demo_comp_cct_10000227;Ivar Lundqvist;Möte med Ivar Lundqvist;2020-04-06 15:00;1900-01-01 00:30;2020-04-07 15:30
user_demo_comp_cct_10000210;NFOUZ;Jonna Elfström;VQF01QFX8ZI;demo_comp_cct_10000228;Jonna Elfström;Möte med Jonna Elfström;2020-04-08 15:00;1900-01-01 00:30;2020-04-09 15:30
user_demo_comp_cct_10000211;PYVAK;Ines Östling;ZDI42CBZ5ZF;demo_comp_cct_10000229;Ines Östling;Möte med Ines Östling;2020-04-13 19:00;1900-01-01 00:30;2020-04-14 19:30
user_demo_comp_cct_10000212;SCBAX;Robert Kristoffersson;CPZ15CYF7UD;demo_comp_cct_10000230;Robert Kristoffersson;Möte med Robert Kristoffersson;2020-04-13 19:30;1900-01-01 00:30;2020-04-14 20:00
user_demo_comp_cct_10000213;DRXQS;Helga Åkerman;DHA10PVH7GD;demo_comp_cct_10000231;Helga Åkerman;Möte med Helga Åkerman;2020-04-10 12:30;1900-01-01 00:30;2020-04-11 13:00
user_demo_comp_cct_10000214;QDDMU;Olov Palmér;UCK56EXV4HV;demo_comp_cct_10000232;Olov Palmér;Möte med Olov Palmér;2020-04-07 12:00;1900-01-01 00:30;2020-04-08 12:30
user_demo_comp_cct_10000215;HBIXC;Lorentz Sundell;EWV81XRS9FA;demo_comp_cct_10000233;Lorentz Sundell;Möte med Lorentz Sundell;2020-04-07 14:30;1900-01-01 00:30;2020-04-08 15:00
user_demo_comp_cct_10000216;VBKBD;Thelise Steen;YQH67PWE9HK;demo_comp_cct_10000234;Thelise Steen;Möte med Thelise Steen;2020-04-14 11:00;1900-01-01 00:30;2020-04-15 11:30
user_demo_comp_cct_10000217;RNCYD;Esma Nyholm;ERQ94OIP5XW;demo_comp_cct_10000235;Esma Nyholm;Möte med Esma Nyholm;2020-04-13 14:30;1900-01-01 00:30;2020-04-14 15:00
user_demo_comp_cct_10000218;TXUOW;Erica Söderqvist;TLO31KNT7XD;demo_comp_cct_10000236;Erica Söderqvist;Möte med Erica Söderqvist;2020-04-13 17:00;1900-01-01 00:30;2020-04-14 17:30
user_demo_comp_cct_10000219;JVJVW;Abraham Edvinsson;QXC80TRW0PR;demo_comp_cct_10000237;Abraham Edvinsson;Möte med Abraham Edvinsson;2020-04-07 14:00;1900-01-01 00:30;2020-04-08 14:30
user_demo_comp_cct_10000220;DIKZQ;Aurora Palmqvist;DVG16CSJ5BR;demo_comp_cct_10000238;Aurora Palmqvist;Möte med Aurora Palmqvist;2020-04-15 08:00;1900-01-01 00:30;2020-04-16 08:30
user_demo_comp_cct_10000221;LNZBE;Ariana Nylander;DLQ66YEW9CE;demo_comp_cct_10000239;Ariana Nylander;Möte med Ariana Nylander;2020-04-15 09:00;1900-01-01 00:30;2020-04-16 09:30
;;;;;;;;;
;;;;;;;;;
;;;;;;;;;
;;;;;;;;;
;;;;;;;;;
;;;;;;;;;
;;;;;;;;;
;;;;;;;;;
;;;;;;;;;
;;;;;;;;;
;;;;;;;;;
;;;;;;;;;
;;;;;;;;;
;;;;;;;;;
;;;;;;;;;
;;;;;;;;;
;;;;;;;;;
;;;;;;;;;
;;;;;;;;;
;;;;;;;;;
;;;;;;;;;
;;;;;;;;;
;;;;;;;;;
;;;;;;;;;
;;;;;;;;;
;;;;;;;;;
;;;;;;;;;
;;;;;;;;;
;;;;;;;;;
;;;;;;;;;
;;;;;;;;;
;;;;;;;;;
;;;;;;;;;
;;;;;;;;;
;;;;;;;;;
;;;;;;;;;
;;;;;;;;;
;;;;;;;;;
;;;;;;;;;
;;;;;;;;;
;;;;;;;;;
;;;;;;;;;
;;;;;;;;;
;;;;;;;;;
;;;;;;;;;
;;;;;;;;;
;;;;;;;;;
;;;;;;;;;
;;;;;;;;;
;;;;;;;;;
;;;;;;;;;
;;;;;;;;;
;;;;;;;;;
;;;;;;;;;
;;;;;;;;;
;;;;;;;;;
;;;;;;;;;
;;;;;;;;;
;;;;;;;;;
;;;;;;;;;
;;;;;;;;;
;;;;;;;;;
;;;;;;;;;
;;;;;;;;;
;;;;;;;;;
;;;;;;;;;
;;;;;;;;;
;;;;;;;;;
;;;;;;;;;
;;;;;;;;;
;;;;;;;;;
;;;;;;;;;
;;;;;;;;;
;;;;;;;;;
;;;;;;;;;
;;;;;;;;;
;;;;;;;;;
;;;;;;;;;
;;;;;;;;;
;;;;;;;;;
;;;;;;;;;
