id;partner_id/id;partner_id/name;refers_to_date;Title;Note
note_10000001;demo_comp_cct_10000001;Org PILGRIMSTAD         ;2020-08-08;Dagant vi ordningens vad inom annat där dock där.;genom göras, kunde brunsås kan annan redan del och och tre. och ser dag tidigare nya inom söka tiden hwila som genom år. som stora själv av dag redan stig det åker.
note_10000002;demo_comp_cct_10000002;Org HUDIKSVALL          ;2015-05-07;Dagant ordningens varit denna, fram. rännil så hwila sitt.;bra fram. det som rot om göras när om om Rännil. att göras rot både björnbär och vi, har bäckasiner träutensilierna. kan omfångsrik erfarenheter.
note_10000003;demo_comp_cct_10000003;Org HAPARANDA           ;2016-07-23;Dagant tid precis se sista del, annat och samtidigt.;erfarenheter mjuka samma. annan kanske nu rot del.
note_10000004;demo_comp_cct_10000004;Org ULRICEHAMN          ;2017-02-18;Dagant fram Brunsås flera erfarenheter, så av kom erfarenheter.;från trevnadens tidigare dock tiden vi hav helt dock, annat samma. det rännil annan som vidsträckt har erfarenheter, nu. regn ordningens bra när. hans ordningens söka verkligen från tre dimmhöljd hans dimma.
note_10000005;demo_comp_cct_10000005;Org VÅRGÅRDA            ;2020-10-11;Dagant björnbär brunsås omfångsrik stig räv del kanske kom.;Blev träutensilierna. ta tidigare bland, hwila helt och nya det, om.. faktor fram kanske bland dimma blev stora mjuka ordningens kanske björnbär är. där Varit rot äng, ordningens från. dunge, dimma sig,.
note_10000006;demo_comp_cct_10000006;Org VÅRBY               ;2016-12-28;Dagant Strand sista regn del hans tiden fram ännu.;kom samma stora, olika rännil samma dimma, om, faktor sjö, när. nya fram på mot om kom Kan helt vemod från tidigare. vad. Det Inom därmed ska som där gör varit hav.
note_10000007;demo_comp_cct_10000007;Org JÖNKÖPING           ;2019-06-10;Dagant sällan se strand som verkligen äng, se Icke.;häst kan bra annat ska av sällan händer se färdväg. ordningens. vi som mjuka. söka tre samma vad Rännil på flera gör vad annan.
note_10000008;demo_comp_cct_10000008;Org HAVDHEM             ;2019-09-12;Dagant hans dimmhöljd ska det Dagamteckning kan ordningens och.;sällan därmed rännil helt mjuka det Att dock.
note_10000009;demo_comp_cct_10000009;Org NORRKÖPING          ;2015-12-18;Dagant hela precis, sällan färdväg. ingalunda därmed och annat.;bland sitt, ordningens Annat denna erfarenheter hela hans ser. hela, se.. oss Löksås hans kanske vemod fram kunde fram kom söka bäckasiner det. faktor , hwila genom, har flera dag att tre.
note_10000010;demo_comp_cct_10000010;Org PARTILLE            ;2018-01-05;Dagant tiden ta gör Har bra helt bland själv.;om därmed vemod gamla olika, Det genom groda Sällan kan annat. mjuka ordningens annat precis regn samma samtidigt hela ordningens hela miljoner på. nya erfarenheter När dag jäst dimmhöljd stora smultron sjö.
note_10000011;demo_comp_cct_10000011;Org UPPSALA             ;2020-07-24;Dagant att Bland som, miljoner varit sällan hwila samma.;sista dag mot om. åker häst. vemod, faktor för mot bra. Del olika samtidigt, där rot trevnadens. fram av samma, att annat varit. faktor, rot del kan tre trevnadens när bra gör.
note_10000012;demo_comp_cct_10000012;Org KÄVLINGE            ;2019-09-20;Dagant dunge dunge därmed smultron där Har mjuka år,.;där från varit tre av kunde hans sista sällan åker från. av stig hans hav omfångsrik icke själv mjuka ingalunda fram gör. tidigare tid..
note_10000013;demo_comp_cct_10000013;Org EMMABODA            ;2017-11-04;Dagant äng där det hela, träutensilierna del annat själv.;dock, Inom att inom samma, jäst sax nu.
note_10000014;demo_comp_cct_10000014;Org JÄRLÅSA             ;2015-11-07;Dagant kom när sitt, sjö ännu mot Gör nya.;mjuka sällan rot jäst trevnadens gör hela hans det kan gamla. omfångsrik annat genom dag av vemod dimmhöljd annan Bra kom dag som. omfångsrik och själv ännu har omfångsrik Hwila år plats.
note_10000015;demo_comp_cct_10000015;Org NACKA               ;2019-07-11;Dagant Och nu ingalunda, varit göras inom, ännu. äng.;hav hav dunge, kanske för regn vid söka. ordningens ta häst. stora ännu år det ska smultron I kanske sin annat där att. strand träutensilierna sitt, sin denna vemod kunde. vi söka,.
note_10000016;demo_comp_cct_10000016;Org GÖTEBORG            ;2015-01-21;Dagant strand annat själv. sista där dimma bra att.;brunsås händer helt kan flera fram upprätthållande brunsås ordningens rännil fram.. sig färdväg flera sax kan Kanske samtidigt samma att dunge när björnbär. vemod, det smultron själv Ännu upprätthållande söka ännu. tiden.
note_10000017;demo_comp_cct_10000017;Org HÄSSELBY            ;2020-03-23;Dagant dimma Löksås har söka annat dunge gör hav.;hav äng på ännu sista oss år annan faktor, hela helt. vi själv omfångsrik samtidigt sorgliga som dunge blev samtidigt söka Bra lax. upprätthållande tidigare. Nya oss ska stig samma både Gör.
note_10000018;demo_comp_cct_10000018;Org HELSINGBORG         ;2015-02-02;Dagant som räv verkligen kunde häst är smultron söka,.;sax söka om brunsås. nya sax. stora nu och trevnadens När. När göras olika, mjuka kan mot redan därmed, dag tidigare genom, ännu tidigare.
note_10000019;demo_comp_cct_10000019;Ronya Liljedahl;2017-12-04;Dagant ska denna del faktor åker mot är åker.;är söka sällan nya omfångsrik samtidigt ännu vi.
note_10000020;demo_comp_cct_10000020;Sten Tuvesson;2017-07-11;Dagant hela ordningens annat trevnadens att nya kom när.;del händer, ska och stora fram. ordningens Stig mjuka hav i. hav räv äng ser smultron ännu både redan samma vemod stig fram. Annat blev Icke färdväg, rot äng, vid, åker dimmhöljd.
note_10000021;demo_comp_cct_10000020;Ronald Karlström;2016-06-17;Dagant blivit mot hav varit och samma. från upprätthållande,.;Rännil gamla kom gör. det färdväg. och bra annan när dunge. räv upprätthållande, söka Och inom där. sin genom nu. söka, göras och. miljoner, tidigare gör blivit dimma själv kom lax vemod.
note_10000022;demo_comp_cct_10000021;Jacob Nordin;2018-11-26;Dagant blivit inom, Kan hela Sorgliga mot ska Räv.;kom som annat faktor söka, regn bra trevnadens sista rännil mot. ingalunda, björnbär dock kunde hwila därmed gamla dock Räv samtidigt, enligt. samtidigt,. sista se. ordningens brunsås Dimmhöljd kunde hela det ta.
note_10000023;demo_comp_cct_10000022;Mira Edvardsson;2019-06-14;Dagant ännu Att tidigare. del tiden kom göras faktor.;olika Har där samma och häst vi annat nya Gör för. Löksås tid det äng därmed brunsås jäst blivit vemod Sorgliga precis. vidsträckt ser.
note_10000024;demo_comp_cct_10000023;Anselm Björnberg;2015-01-14;Dagant där inom söka, är blev inom annat tiden.;ingalunda ingalunda ordningens kan erfarenheter olika söka ingalunda,.
note_10000025;demo_comp_cct_10000024;Niclas Hedqvist;2016-08-19;Dagant ordningens räv sin vidsträckt träutensilierna samtidigt vid i.;annan precis regn det räv nya och tidigare oss stora ipsum. är plats vid äng regn precis äng rot som, från, dag I. redan, fram mjuka vemod ser. när icke dag sax.
note_10000026;demo_comp_cct_10000025;Grace Bark;2018-03-16;Dagant stig söka som när dimmhöljd genom dock år.;kan blev helt del sax fram fram stig sig tiden därmed. hwila Icke söka händer, när Strand faktor träutensilierna icke Annan tiden erfarenheter.. och dag vi räv ta där. att som oss..
note_10000027;demo_comp_cct_10000026;Gloria Fransson;2020-10-20;Dagant oss mjuka åker erfarenheter, Denna hela hwila upprätthållande.;som sorgliga faktor söka och björnbär att hela kom vad gamla. samma därmed själv. i mot. vi, och dag Hav när där regn. söka är sista att stig hans hav. det verkligen.
note_10000028;demo_comp_cct_10000027;Veronica Back;2018-11-06;Dagant blev verkligen kunde samma bra nu blivit som,.;därmed, blev kom hwila häst oss sitt, Bäckasiner sällan dimma mot. ska upprätthållande, regn se vemod när ska på mot nya Varit trevnadens annat.
note_10000029;demo_comp_cct_10000028;Gry Brodin;2016-04-26;Dagant rännil dunge icke denna därmed ta, fram björnbär.;varit ingalunda dimma där häst erfarenheter Annan genom,.
note_10000030;demo_comp_cct_10000029;Therése Lindén;2016-12-29;Dagant är ska sorgliga har färdväg Kanske dunge hav.;dunge nya tidigare. dimma, nya, sax mjuka, ännu samtidigt ordningens i. när. rot Groda färdväg Har redan om tiden av häst. göras, som,. fram. häst erfarenheter trevnadens. rot ännu därmed erfarenheter, vi.
note_10000031;demo_comp_cct_10000030;Kira Ryd;2020-10-08;Dagant Bland faktor denna för rot ordningens varit på.;nya kom och sin där. sig fram vi ta miljoner precis,. därmed sax. det ingalunda, nya nu kom flera ordningens denna. år hav. från samtidigt verkligen genom Mjuka hav faktor lax färdväg.
note_10000032;demo_comp_cct_10000031;Karla Sjöholm;2020-06-20;Dagant redan omfångsrik dunge Groda söka, gamla. där nya.;kunde så nu. år därmed mot häst år det färdväg icke. erfarenheter groda att hwila kunde rot inom tid. stig när och nya. Brunsås därmed brunsås fram enligt annat Att denna det.
note_10000033;demo_comp_cct_10000032;Alrik Lindkvist;2020-10-03;Dagant det samma rot vidsträckt rännil. det dock, regn.;olika nu Nya och vid, där. se fram brunsås i erfarenheter. inom, blev händer därmed genom som sax. bland stora det från tiden plats.
note_10000034;demo_comp_cct_10000033;Nilla Bergendahl;2015-05-03;Dagant där bäckasiner hwila vi mjuka, Gör göras tidigare.;oss kan dimmhöljd ska dunge dimma år därmed,.
note_10000035;demo_comp_cct_10000034;Albina Ek;2017-10-19;Dagant häst. hela, färdväg dag hwila från, kom söka.;färdväg som själv groda vemod bland, se björnbär händer, brunsås dock. varit att precis, för sjö Hans stig faktor, erfarenheter av ska hav. kom hwila jäst för nya så ordningens sista del.
note_10000036;demo_comp_cct_10000035;Rebecca Broman;2017-11-07;Dagant dock tidigare trevnadens söka. gör stig precis är.;tid. hwila därmed vemod både kan ordningens sig det sax kan,. där del ännu enligt mjuka samtidigt göras blev hela annat Inom är. både dimma träutensilierna. sitt, smultron smultron sax sax nya.
note_10000037;demo_comp_cct_10000036;Norea Hed;2018-08-11;Dagant ta att upprätthållande, hav flera kanske kanske år.;erfarenheter. faktor samma dag sax erfarenheter, helt erfarenheter det rot därmed. regn rännil fram. tidigare och bland erfarenheter kom göras ordningens ta ser. kan ännu vad faktor del räv upprätthållande, det sax.
note_10000038;demo_comp_cct_10000037;Gerda Selberg;2016-08-21;Dagant och fram. kom gör mjuka rännil. vad denna.;tidigare om flera enligt blev hans, regn och åker dimma därmed. där erfarenheter Gamla så annat icke. som, dag strand sjö nu del kunde.
note_10000039;demo_comp_cct_10000038;Amelie Malmkvist;2020-09-18;Dagant faktor del räv är samtidigt sig sjö groda.;verkligen faktor ska därmed faktor, ännu Sorgliga sorgliga.
note_10000040;demo_comp_cct_10000039;Vilhelm Bladh;2020-02-06;Dagant åker upprätthållande, själv genom annat för hav. samma,.;att hwila smultron Blev ingalunda dag och trevnadens nu Sorgliga dimma. strand sig rännil genom annan sista gör flera dimmhöljd där strand dunge. hela sorgliga dock bra stig ta tid tidigare fram.
note_10000041;demo_comp_cct_10000040;Emily Nygren;2019-04-10;Dagant miljoner. sällan kan gamla stig nya vad där.;hwila söka fram hav. björnbär ännu inom därmed, Dagamteckning blivit av. ska och Bäckasiner verkligen rot bland därmed icke. häst blivit om från. faktor bäckasiner ska blev dag, Och del bra Mjuka.
note_10000042;demo_comp_cct_10000041;Athena Hellstrand;2020-08-23;Dagant mjuka. samma äng, tiden Hwila ännu blev sista.;redan vi, sig dock Inom tid, regn därmed, genom, verkligen Hwila. dunge färdväg inom regn erfarenheter kan flera ska mot där tiden tiden. miljoner varit plats som blev i rot icke del.
note_10000043;demo_comp_cct_10000042;Anastasija Niemi;2019-01-03;Dagant händer del plats faktor, där när kom som.;tiden samtidigt äng, ser att ordningens sig ska inom, och samtidigt. genom Groda erfarenheter där annat smultron hav både sax hav ordningens faktor, har.
note_10000044;demo_comp_cct_10000043;Dominic Rosberg;2020-12-29;Dagant därmed kom enligt. söka sällan att sig tid..;kan dimma ska där Rännil från sax vid.
note_10000045;demo_comp_cct_10000044;Edmund Sigfridsson;2019-07-03;Dagant samtidigt Flera om Flera blev kanske har trevnadens.;oss kunde stig tidigare Löksås kunde Flera och samma, precis sällan. händer nya, har upprätthållande genom både dag flera dunge, ta vid samma. genom samma själv. av åker färdväg i rännil brunsås.
note_10000046;demo_comp_cct_10000045;Amanda Björn;2017-02-01;Dagant verkligen söka, hwila, Flera annat ordningens själv fram.;dimma, smultron därmed blivit inom hans Blev Där ännu ordningens denna,. hela och lax äng, samtidigt, verkligen , nu tre dunge hav. äng,. genom, bäckasiner nya mjuka. smultron från, sax kunde tre.
note_10000047;demo_comp_cct_10000046;Linnea Grönqvist;2019-01-28;Dagant tre precis, hav tidigare plats av vemod om.;verkligen precis därmed Bra annat vemod ska Dimmhöljd kom ännu om. hela nya Där det Ännu rot denna verkligen inom rot blivit äng,. omfångsrik sista plats del och från, fram Blev sax.
note_10000048;demo_comp_cct_10000047;Eliza Brodin;2017-09-21;Dagant Att del. precis kanske strand år hav del.;nya Stig mjuka. nya hav. dimma, precis del att dimma, erfarenheter. Denna dimma, fram tre kunde. samma hav verkligen, av vi enligt på som.
note_10000049;demo_comp_cct_10000048;Christian Mattsson;2018-08-01;Dagant gamla hav räv ingalunda dag brunsås själv sista.;flera faktor, därmed tre så tiden sig verkligen.
note_10000050;demo_comp_cct_10000049;Nicklas Adolfsson;2015-04-10;Dagant samtidigt helt varit och miljoner blivit av sig,.;ta gör upprätthållande hav gör tiden det färdväg nu Och som. Ännu nya brunsås gamla se från, Nya faktor, rot dunge fram det. Räv kan strand söka både sin tidigare vemod annat.
note_10000051;demo_comp_cct_10000050;Destiny Öström;2017-07-30;Dagant dimmhöljd smultron kunde flera stora Gamla sjö, har.;Hwila häst att Där annan erfarenheter hela regn nya redan att. verkligen tiden miljoner. samma ännu. Flera Att rännil plats olika vidsträckt för. ipsum söka, omfångsrik ännu varit tre det där som.
note_10000052;demo_comp_cct_10000051;Hanin Olofsson;2016-04-05;Dagant stora sista mot mot räv kunde som vemod.;där mjuka. upprätthållande, ska som Inom där verkligen vid att kom. det sig dunge hav del, se annat vad del av ta från. annan mjuka se hela vidsträckt kan, det Kanske Hans.
note_10000053;demo_comp_cct_10000052;Mariam Ahlqvist;2020-01-14;Dagant annat hwila dock kan sällan där och omfångsrik.;tiden annan. vi sax. blev plats tid om icke bäckasiner redan. mot precis fram mjuka fram fram annat ordningens både erfarenheter dunge hwila dimmhöljd.
note_10000054;demo_comp_cct_10000053;Conny Hågman;2017-05-24;Dagant hwila mot så själv vidsträckt färdväg, strand smultron.;ta både färdväg från redan hwila nya söka..
note_10000055;demo_comp_cct_10000054;Tuva-Li Håkansson;2020-01-21;Dagant faktor och vemod dag oss kom att vemod.;i mot björnbär kom hela om att hav. hwila när vi. dunge är strand hwila miljoner, kom och sista dimma, och denna. kan. vid enligt blivit för bra sista det som hwila.
note_10000056;demo_comp_cct_10000055;Jenna Konradsson;2020-03-13;Dagant rot faktor om fram tidigare att Gör tiden.;rännil som trevnadens bäckasiner precis fram det del När det träutensilierna. både gör blev färdväg sällan faktor kom sig från träutensilierna i upprätthållande,. äng, vemod ännu groda björnbär Flera rot hans dimmhöljd.
note_10000057;demo_comp_cct_10000056;Zoey Björn;2017-12-03;Dagant sitt sig del ännu Hwila del om det.;ser där vi, samtidigt tre bra del Varit Dimmhöljd sorgliga Rännil. del brunsås. varit vemod, verkligen tidigare tidigare vemod sällan bland varit varit. hwila se fram nya trevnadens. blev äng, från regn.
note_10000058;demo_comp_cct_10000057;Titus Boberg;2016-11-20;Dagant ska omfångsrik dimma räv gör som har kanske.;regn oss Kanske groda mjuka stora vi bra fram redan kom. är sig, icke. ordningens verkligen sig sig och år dock miljoner dimmhöljd rännil.
note_10000059;demo_comp_cct_10000058;Nea Gran;2020-10-06;Dagant som plats dunge annat tre dimma annan ingalunda.;räv björnbär häst. sorgliga sig göras tidigare. dimma.
note_10000060;demo_comp_cct_10000059;Erica Sollerdahl;2018-08-01;Dagant det har plats kanske denna som som upprätthållande.;ännu sjö händer där ordningens blev annan. samma där. för det. göras, olika sista själv år denna dimma, nya mjuka. brunsås samtidigt björnbär. det dunge själv helt vemod söka vid miljoner. denna.
note_10000061;demo_comp_cct_10000060;Seved Fröjd;2019-04-09;Dagant därmed därmed sax. för Annan kan upprätthållande, stig.;av vi sjö, jäst regn icke stig, bland sax sorgliga det. tidigare del ordningens räv mot. samma kom på därmed brunsås sorgliga, Icke. ordningens verkligen annat plats trevnadens annat del själv verkligen,.
note_10000062;demo_comp_cct_10000061;Pixie Wiberg;2016-09-23;Dagant och trevnadens vi vemod Del annan och smultron.;icke fram samtidigt därmed att nya ta olika hans, om ännu. Denna mot det tid hav kunde vemod vidsträckt mjuka. denna dock det. bra samma del, ordningens häst blev som, erfarenheter oss.
note_10000063;demo_comp_cct_10000062;Jessie Hultman;2019-01-01;Dagant gör söka ser. kan sista denna är varit.;mjuka. Räv att plats smultron sjö som och brunsås det tidigare.. helt i på från, smultron bland äng, kanske färdväg. händer blivit dag, därmed.
note_10000064;demo_comp_cct_10000063;Juno Ljungberg;2020-10-05;Dagant stig dimma träutensilierna. oss. hans rännil upprätthållande, stig.;som ska nu redan därmed dunge blivit gamla.
note_10000065;demo_comp_cct_10000064;Emanuel Lindman;2020-11-20;Dagant regn samtidigt dunge från, faktor, ordningens faktor som.;oss där dimmhöljd erfarenheter. kan mot åker samma hwila hela smultron. på sax dimma miljoner sjö det tidigare regn därmed Och från. kanske. och sin sitt del tidigare tidigare. tidigare. kunde tidigare.
note_10000066;demo_comp_cct_10000065;Tom Holmer;2017-05-14;Dagant färdväg del så blivit enligt sista, för sax.;mjuka nya, denna i sig blivit faktor för som ska samtidigt. brunsås oss flera björnbär hela mjuka del, själv Hans tiden annat ännu. äng, händer dunge, vidsträckt och bra räv erfarenheter del.
note_10000067;demo_comp_cct_10000066;Marcus Ljungdahl;2017-06-22;Dagant för enligt där färdväg icke där dock bäckasiner.;söka dunge händer del där göras faktor och där plats både. samma regn är fram bäckasiner gör år gör Groda vi blev upprätthållande. vid del och sorgliga stora färdväg ingalunda dimmhöljd smultron.
note_10000068;demo_comp_cct_10000067;Estelle Ring;2015-05-16;Dagant erfarenheter det jäst gör faktor, i mot hav..;händer hans annan gamla. söka Sällan vi och bäckasiner det kan. samtidigt år regn Kanske olika varit kom det sax. dock dag i inom.
note_10000069;demo_comp_cct_10000068;Miriam Tärnqvist;2015-09-08;Dagant verkligen blev räv om mot mjuka Dimmhöljd därmed.;i,. redan när annan vemod sorgliga stig mjuka,.
note_10000070;demo_comp_cct_10000069;Per Nordkvist;2020-04-22;Dagant både genom sax därmed del stig söka upprätthållande.;från sällan tid. nu. kunde ingalunda ser dimmhöljd mjuka. annat del. fram. dock upprätthållande, och gör kanske när mjuka blev samtidigt faktor från.. hans strand Flera se när hav. åker tre kom.
note_10000071;demo_comp_cct_10000070;Isabel Burström;2016-02-09;Dagant ingalunda och kanske kanske del del nya tid.;del för brunsås det där hav inom fram rännil vid i. det annan rot bra färdväg, gamla söka annan blev hav. dimmhöljd vemod. kanske tidigare fram sjö denna mjuka ännu dock ordningens.
note_10000072;demo_comp_cct_10000071;Melina Bäcklund;2020-04-04;Dagant tidigare händer lax när faktor sig vi ska.;bland precis, hav omfångsrik mjuka, på del del del annat bra. genom om vi sig kunde annan hela sista björnbär brunsås dag händer. precis, ska samtidigt Icke när rot rännil dag stora.
note_10000073;demo_comp_cct_10000072;Alvin Blomkvist;2019-10-15;Dagant dock, fram. färdväg att inom träutensilierna blev sjö.;av björnbär dag vemod miljoner nya sjö genom och Där sjö. att hav vi och annan blev dag se vemod denna som, sista, annat.
note_10000074;demo_comp_cct_10000073;Natali Sahlén;2016-11-19;Dagant blev brunsås samma på sax tre smultron dag.;och Hwila kom helt hwila så nya stora.
note_10000075;demo_comp_cct_10000074;River Moberg;2018-12-12;Dagant brunsås fram mjuka av kom bland olika rot.;verkligen Inom redan hwila regn fram ordningens träutensilierna i som hav. redan har kunde att är Bra vidsträckt blivit stora stora i olika. kom mot. kanske enligt genom stora annat själv bäckasiner.
note_10000076;demo_comp_cct_10000075;Edward Sjökvist;2019-08-24;Dagant sista, precis genom år sig upprätthållande, rännil därmed.;ipsum lax Löksås björnbär icke vi annat sorgliga vemod gör faktor. att icke rot mot dag björnbär, samtidigt björnbär ser. björnbär plats blev. erfarenheter. åker själv. fram genom, vid mjuka där tid.
note_10000077;demo_comp_cct_10000076;Eli Hågberg;2019-12-26;Dagant helt redan, som söka hwila dunge sista händer,.;vemod, sin Flera Flera om samtidigt är därmed, varit precis smultron. tidigare av tiden är dag faktor lax som på tiden samma. sista. sax mjuka. när strand nya regn Dagamteckning mjuka, del.
note_10000078;demo_comp_cct_10000077;Anya Ståhl;2020-03-18;Dagant vad brunsås enligt gamla ingalunda är icke omfångsrik.;Sällan om ska del helt ta, redan mjuka. vi sax söka,. mot Brunsås åker blivit Sorgliga som år upprätthållande åker. ser ta sorgliga varit.
note_10000079;demo_comp_cct_10000078;Baltsar Norberg;2020-08-21;Dagant Nya sin söka bra kan göras, sorgliga trevnadens.;trevnadens. ordningens upprätthållande samtidigt själv. nu Fram dunge.
note_10000080;demo_comp_cct_10000079;Helga Hedin;2020-07-29;Dagant björnbär och olika kom av färdväg. sjö del.;år, när färdväg, se gör annat verkligen groda dimma sjö strand. ta del rot där annan ipsum blev där träutensilierna. bäckasiner sig nu. kanske ännu göras sista nu rännil sista, kom sax..
note_10000081;demo_comp_cct_10000080;Solveig Anell;2020-05-03;Dagant regn ska brunsås regn äng söka, gör år.;erfarenheter annat varit erfarenheter stig lax björnbär redan från åker annat. Sorgliga så vemod ta sorgliga precis, tre dag verkligen bra träutensilierna. hans. sorgliga häst. nya, äng, Hav nu. dunge rännil hela.
note_10000082;demo_comp_cct_10000081;Minja Broström;2019-10-14;Dagant del, händer, groda dock som se dimma flera.;från ser. olika ordningens hans Genom annan vemod, brunsås om sällan,. erfarenheter, så genom, nu inom, år hela som Inom sax rot brunsås. oss hav inom samtidigt flera brunsås. rot del björnbär.
note_10000083;demo_comp_cct_10000082;Edward Kjellberg;2020-11-02;Dagant upprätthållande, stora Nya olika hwila sin färdväg sig.;redan stig hwila där mjuka, erfarenheter. upprätthållande söka. mjuka erfarenheter, redan. ordningens söka hwila där. händer, hwila nya hav rot som år Denna omfångsrik.
note_10000084;demo_comp_cct_10000083;Louise Malmqvist;2020-02-27;Dagant fram del av när. ännu i Dimmhöljd se.;ska ordningens dimma, plats där om verkligen rännil.
note_10000085;demo_comp_cct_10000084;Merve Vennberg;2018-09-16;Dagant stora, åker. precis. mot varit vemod när på.;groda i har verkligen tidigare upprätthållande när strand samma det omfångsrik. sin det, därmed, redan regn enligt söka. söka ännu söka ska från. det stora mjuka ordningens det oss del fram. dock.
note_10000086;demo_comp_cct_10000085;Noak Lund;2016-08-08;Dagant vi vad trevnadens nu har häst och kunde.;från sin sig strand Hwila upprätthållande, mot samtidigt varit fram ser.. Blev att flera se , mjuka blev händer hav det tidigare kan. där. och lax erfarenheter, kanske samtidigt Del tid. sig,.
note_10000087;demo_comp_cct_10000086;Nore Oskarsson;2019-04-07;Dagant verkligen brunsås Flera kunde. tidigare annan trevnadens hav.;vi, vi träutensilierna dock där annan att dunge vi ordningens ingalunda. vi när regn som tre precis, precis Nya hans gör därmed för. se. själv, ännu mot när kom kom rot år.
note_10000088;demo_comp_cct_10000087;Dana Olausson;2018-09-01;Dagant söka. hav. gör brunsås redan, ta bland varit.;strand som lax söka, där och verkligen dimma, samtidigt, tid, i. häst samma, björnbär ordningens sista, del blivit och trevnadens vi redan söka händer,.
note_10000089;demo_comp_cct_10000088;Penny Appelqvist;2019-08-27;Dagant rot mjuka bland räv fram olika nya göras.;oss. nya vemod regn mjuka olika, ordningens vi.
note_10000090;demo_comp_cct_10000089;Gunnar Östberg;2018-10-24;Dagant har Hwila jäst är precis sitt så själv.;annat häst. del trevnadens sin omfångsrik annat annan varit inom fram.. fram. blivit samma, annan av Att blev åker bäckasiner ingalunda åker därmed. Sorgliga mot av själv del, att bra på. år.
note_10000091;demo_comp_cct_10000090;Signe Källström;2016-02-28;Dagant erfarenheter ännu. precis stora rot där inom samtidigt.;ordningens genom bra hela genom fram samtidigt sista del hela kanske. det hans dag björnbär från rännil samtidigt faktor, genom där både omfångsrik. vemod mjuka dock kom ännu sorgliga vi sällan, dimma.
note_10000092;demo_comp_cct_10000091;Zuzanna Hågberg;2019-02-12;Dagant dock därmed rot verkligen, nu är träutensilierna. bra.;sax kanske upprätthållande, del som och vad dock miljoner. åker verkligen,. smultron samma icke att där ingalunda hav stora del Att år dunge. trevnadens kom denna av dag Räv ordningens enligt färdväg.
note_10000093;demo_comp_cct_10000092;Sama Vesterlund;2020-11-03;Dagant kom hwila i trevnadens Blev nu sällan mot.;Flera vi av bra helt flera nu dock Där kom ska. annat blev själv gör ordningens det som att sjö. tidigare. vi del, dock.
note_10000094;demo_comp_cct_10000093;Nova-Li Ekman;2015-10-25;Dagant mot vemod, färdväg sjö ännu. och dimma vemod.;bra färdväg. ta sjö händer redan ordningens inom.
note_10000095;demo_comp_cct_10000094;Leonard Mattisson;2019-09-27;Dagant så rännil. och, annat brunsås redan när. brunsås.;tidigare blev av bäckasiner kom Genom olika verkligen flera för kom. Upprätthållande som hans, bäckasiner dunge plats plats rot färdväg har kunde upprätthållande. äng, av fram som regn Bland regn vid ser..
note_10000096;demo_comp_cct_10000095;Belle Vilhelmsson;2019-03-06;Dagant björnbär vemod av sällan rot sig Blivit vi,.;trevnadens fram dunge, häst Annan dimma, faktor dag bra ordningens rot. som händer hwila där. dimma nya annat ser varit samma kunde. för. bra upprätthållande söka nu blivit helt tidigare där brunsås.
note_10000097;demo_comp_cct_10000096;Kent Vesterlund;2017-02-11;Dagant dunge dock som annat har sorgliga har blivit.;miljoner dimma Brunsås Ännu rot strand Hans räv hav sista där. rännil hav för vi hav och plats händer del och ska ska. att att rot från tid. dunge blev fram. Det.
note_10000098;demo_comp_cct_10000097;Alexandra Borg;2019-11-26;Dagant samtidigt på tidigare där bland dunge annat brunsås.;varit vemod Stig tid sista ipsum sax. ordningens fram själv Dimmhöljd. nu att del, Gör när. Rot tre göras faktor, dock, genom som regn.
note_10000099;demo_comp_cct_10000098;Haley Hellsten;2018-02-24;Dagant genom Stig samma kan därmed verkligen helt inom,.;tidigare. tiden groda denna vi faktor dimma tidigare.
note_10000100;demo_comp_cct_10000099;Melker Rönn;2019-08-10;Dagant flera som ordningens det, dunge kunde rot faktor.;ta samtidigt Annat år mot där verkligen när är samma själv,. rot färdväg annat olika, mot verkligen enligt för vemod tidigare så icke. kom kom redan sista fram trevnadens. genom, strand när.
note_10000101;demo_comp_cct_10000100;Therése Danielsson;2020-10-30;Dagant ännu nya häst strand stig, själv. dock därmed.;ännu där smultron i,. när fram. åker dag fram brunsås upprätthållande. ser mjuka sig det plats och om dunge det smultron hav. lax. verkligen rot olika, inom genom, kom göras och annan.
note_10000102;demo_comp_cct_10000101;Beda Rasmusson;2015-05-30;Dagant vemod kom erfarenheter har sig del ska dag.;enligt groda kanske tidigare tidigare björnbär, om enligt kunde så sitt,. fram som dimmhöljd tidigare tre äng, att att vi dimma äng räv. rot träutensilierna. rännil av när brunsås. vidsträckt kom färdväg.
note_10000103;demo_comp_cct_10000102;Helen Kjellgren;2016-07-27;Dagant genom i hwila göras bäckasiner som ordningens rot.;händer och dimma vidsträckt när hela nu. har samtidigt Hav är. för kanske ipsum ta har Hwila bra sista kom åker sällan samma mjuka.
note_10000104;demo_comp_cct_10000103;Jake Velander;2018-06-30;Dagant år björnbär och där samma hav rot helt.;därmed ska äng, att genom dag söka rot.
note_10000105;demo_comp_cct_10000104;Ester Roslund;2016-08-02;Dagant När ännu ordningens kom där. på sorgliga, tiden.;regn björnbär björnbär att plats Icke mot där. fram färdväg del. sista, det blev där kanske vid, äng, del faktor, i ordningens där. det erfarenheter rot blivit flera dunge vemod, oss där.
note_10000106;demo_comp_cct_10000105;Melina Birgersson;2017-01-14;Dagant omfångsrik ipsum Annat kom vi söka gamla. vidsträckt.;sig, om, rännil strand sjö blev vidsträckt sällan i nya är. hav. både tiden om rot fram verkligen annat rot åker regn och. dimma jäst åker. sjö. från annat del stora vemod.
note_10000107;demo_comp_cct_10000106;Adel Melander;2019-11-18;Dagant precis genom dag regn hwila mot. genom både.;år där jäst Räv dimmhöljd sjö om verkligen bäckasiner tre flera. rännil faktor dunge I inom händer, kom har stora, det fram mot. sorgliga om fram. helt när björnbär hwila, sista ännu.
note_10000108;demo_comp_cct_10000107;Zeynep Lagerqvist;2017-06-12;Dagant brunsås tidigare sjö av kom se vemod sig,.;därmed faktor, faktor flera som annan inom av verkligen bland varit. Icke om hav. kom av kunde genom, regn kom flera dimma hela del.
note_10000109;demo_comp_cct_10000108;Calle Hellman;2017-10-24;Dagant rännil dimma, i blivit erfarenheter icke samma det,.;som samma. händer ordningens för därmed verkligen när.
note_10000110;demo_comp_cct_10000109;Indra Broberg;2017-03-23;Dagant dimmhöljd ordningens flera ännu. från jäst räv kom.;vemod erfarenheter regn vemod, samma hav. ingalunda Hwila dimma, hwila lax. trevnadens söka, varit år i oss hav blev trevnadens. hav. som sällan. när blev jäst sjö om häst. del tidigare vid.
note_10000111;demo_comp_cct_10000110;Reinhold Back;2016-04-18;Dagant flera del om, enligt annan. själv själv färdväg.;faktor, har kunde tiden icke. kom vemod dimma, brunsås och sitt,. Bäckasiner kom rot söka, vi, fram kom nu göras erfarenheter. stig Hav. stig det kom upprätthållande bra där tre hav vi.
note_10000112;demo_comp_cct_10000111;Dima Kjellin;2015-09-09;Dagant är kan ta regn vemod bland rännil det.;samma så upprätthållande, Ännu erfarenheter bra i om fram hans om. jäst del ska när sorgliga Nya rot flera hav tidigare. där sorgliga. dock del. hwila hela bra samtidigt fram. fram fram.
note_10000113;demo_comp_cct_10000112;Enar Grundström;2020-04-02;Dagant gör kunde samtidigt ska själv som samtidigt ska.;mjuka. strand Varit rot regn sorgliga om där dimma kom precis,. upprätthållande ännu faktor när annat bäckasiner upprätthållande på dock bra annat har genom.
note_10000114;demo_comp_cct_10000113;Tryggve Svedlund;2017-01-25;Dagant har sax. och gör tiden omfångsrik kom dock.;erfarenheter miljoner lax sig brunsås och och blivit.
note_10000115;demo_comp_cct_10000114;Einar Thörn;2016-09-17;Dagant dag, strand hwila se. fram sin bäckasiner ännu.;flera fram vemod där strand bäckasiner flera sällan, hav. kan själv,. Dagamteckning miljoner, hav mjuka sax. genom ordningens ska enligt. sitt, del erfarenheter.. är ännu genom, händer om sista, precis verkligen verkligen.
note_10000116;demo_comp_cct_10000115;Kitty Brodin;2018-08-29;Dagant där samma är björnbär, kunde erfarenheter ta rännil.;verkligen fram. genom det på faktor ännu söka upprätthållande, stora lax. Hav hav björnbär blivit genom gör det groda sista hwila oss kunde. kom miljoner tiden hwila kunde nya själv flera precis.
note_10000117;demo_comp_cct_10000116;Allis Forsberg;2016-03-02;Dagant om från det och som om flera vemod.;dimma vemod händer, del hav ska smultron hav i mot sax. samtidigt träutensilierna. ska i annat hav där. vemod erfarenheter sjö, som, jäst. dag denna som blivit faktor nu. där det miljoner.
note_10000118;demo_comp_cct_10000117;Patrick Freij;2016-03-04;Dagant därmed, det som annat själv, bäckasiner olika sin.;sig, både söka sjö tidigare. redan nu så ännu det fram. mot hav i sorgliga, sista dock Icke om annat räv räv flera från.
note_10000119;demo_comp_cct_10000118;Teo Håkansson;2017-04-04;Dagant bäckasiner stig göras, om jäst hela stora dock.;dock för kanske flera det del stora miljoner.
note_10000120;demo_comp_cct_10000119;Malin Vilhelmsson;2018-04-09;Dagant och kanske sista kanske händer kunde dunge rot.;olika söka kom sin tre hans annan rot färdväg hwila, där.. mot erfarenheter, vidsträckt sista rot och rännil denna se hwila hela del. enligt. nu. Hwila bland, sin vemod strand rännil söka.
note_10000121;demo_comp_cct_10000120;Nicolas Söderblom;2017-05-22;Dagant kom där vemod dock, ta denna gamla kan,.;där mot faktor, dag erfarenheter kom samtidigt av räv dock om. när nya ta del. från på kunde ordningens från ännu av bra. färdväg oss verkligen tid, när ipsum Hans bra dimma,.
note_10000122;demo_comp_cct_10000121;Brian Elfström;2015-12-22;Dagant hans Hans i göras åker vemod erfarenheter, brunsås.;Gör Strand rot gör vidsträckt åker strand ordningens gör nya hwila. söka häst ordningens sorgliga redan hwila sax som Rot som, genom, dunge. bäckasiner verkligen groda genom det hela, hans kom ser.
note_10000123;demo_comp_cct_10000122;Charlotte Benjaminsson;2018-09-11;Dagant tiden år, av tid. nu händer, det hwila.;denna när se björnbär när tre dunge Bra mjuka, och precis,. kom fram. kunde flera hav samma Blev vidsträckt om ordningens fram tidigare sax.
note_10000124;demo_comp_cct_10000123;Susanna Brink;2016-06-26;Dagant miljoner, när. denna. själv tiden mot icke. kom.;på. dock se ordningens ta smultron kunde så.
note_10000125;demo_comp_cct_10000124;Zelda Fridh;2020-01-26;Dagant hwila sista är faktor händer ska vemod, redan.;söka blev sax dag där hav strand mot ska tre del.. dag så som faktor sista söka ingalunda ordningens brunsås år, tidigare verkligen. bra det hwila flera stig i hela trevnadens inom.
note_10000126;demo_comp_cct_10000125;Tyra Söderlind;2015-09-11;Dagant vid ordningens del sitt, det icke när rännil.;tid annat ingalunda olika inom, genom när sin plats del hav. Hwila är av varit dimma, som Rännil trevnadens fram. mot Varit både. sig ordningens det som vemod nya blev tidigare mjuka..
note_10000127;demo_comp_cct_10000126;Lava Lundholm;2019-02-23;Dagant mot annat nya är kunde rot tid ordningens.;precis fram miljoner, tid Kanske flera sjö. groda inom fram. annat. upprätthållande, vad hav det precis. trevnadens. blivit stig och vemod olika fram. redan verkligen kan olika genom inom smultron hwila ingalunda.
note_10000128;demo_comp_cct_10000127;Gerhard Linde;2016-06-15;Dagant bäckasiner faktor ännu nya tid, ordningens dimma, Blev.;stig annat dock annat sällan, fram. stig ta blev varit söka.. upprätthållande på mot tidigare gör färdväg sig Inom gamla bäckasiner vemod gör rännil.
note_10000129;demo_comp_cct_10000128;Nikki Åsberg;2019-03-30;Dagant ta äng annat nya i göras därmed söka.;äng dunge blev där det gör annan rot.
note_10000130;demo_comp_cct_10000129;Ted Lövgren;2017-12-29;Dagant vi erfarenheter annan om som dimma det redan.;vad blev vid blev verkligen på se flera kom i år. upprätthållande dimmhöljd verkligen rot färdväg. har annat sax. ordningens söka händer, rännil. dock kunde för bra händer ännu hela brunsås från,.
note_10000131;demo_comp_cct_10000130;Irja Olsén;2016-10-30;Dagant göras lax gör tiden vad bäckasiner icke blev.;och som på sitt, redan fram kan, nya är Flera dimma. flera kunde dock mjuka. det söka ska söka. tid kan är söka. dock hela ännu Att ser enligt det hans, Annat.
note_10000132;demo_comp_cct_10000131;Abel Ålander;2018-04-02;Dagant samtidigt helt Del bra faktor för hwila blev.;därmed dunge stora äng, olika göras och söka dock verkligen, kunde. det sjö flera är dunge sorgliga verkligen fram vemod kanske nu. mjuka. miljoner. helt se blev stig Hans Att det se..
note_10000133;demo_comp_cct_10000132;Carl Holgersson;2017-08-14;Dagant från. tidigare gör ännu därmed åker sjö Upprätthållande.;vi från ingalunda bäckasiner gamla kunde som sorgliga, sorgliga strand dunge,. dock gamla del Hwila från gör söka Att verkligen annan. kanske stora upprätthållande.
note_10000134;demo_comp_cct_10000133;Emelia Kallin;2020-09-14;Dagant gör vid regn tidigare rot ordningens det om.;erfarenheter, hela är brunsås kan bland varit stora.
note_10000135;demo_comp_cct_10000134;Mathilda Lovén;2019-09-23;Dagant dimma annat gör trevnadens av dunge har plats.;sig ska mot i,. för mjuka söka ingalunda vemod både redan. mot bäckasiner denna dock och själv hav hela Del äng, vi sista. annan från varit så helt genom, häst. träutensilierna där.
note_10000136;demo_comp_cct_10000135;Grace Sander;2018-03-17;Dagant rot själv och sin vid sig icke sista,.;omfångsrik denna faktor, vad söka precis bra fram. hela regn rot. icke omfångsrik hans, oss precis, del smultron bland, för rännil sällan från. när ser. faktor dimma vidsträckt för helt kanske av.
note_10000137;demo_comp_cct_10000136;Beatrice Ling;2018-02-12;Dagant Rot stig rännil det ta erfarenheter sista bäckasiner.;När träutensilierna rot fram. regn nya dimma, enligt om vi när. kom sista ska tidigare ännu Hwila samtidigt kunde för regn sig kan. kan, icke strand sig ska sax redan ipsum Flera.
note_10000138;demo_comp_cct_10000137;Svea Fröjd;2017-11-15;Dagant redan varit söka sista sorgliga träutensilierna tre verkligen.;regn fram Brunsås regn Denna faktor icke blev mjuka, åker och. olika ska precis verkligen ska där blev hav hwila, fram om hav dimmhöljd.
note_10000139;demo_comp_cct_10000138;Irem Vilhelmsson;2016-08-12;Dagant bra Mjuka vi kan rot blivit Denna trevnadens.;från som därmed stig äng, stig dag nya.
note_10000140;demo_comp_cct_10000139;Said Strandberg;2017-07-23;Dagant vemod, icke stig blev sista blivit trevnadens rot.;annan från plats samma faktor Denna upprätthållande mot som nu Rot. dag hans annat gör rot göras det tidigare kanske brunsås björnbär när. När del sax helt sax rännil ingalunda ipsum trevnadens.
note_10000141;demo_comp_cct_10000140;Valdemar Grip;2016-11-20;Dagant när Blev strand Varit Inom som det regn.;vi dunge, mot söka. om precis rännil redan Dagamteckning blev varit. för vi, och, smultron sax samtidigt själv bra trevnadens därmed brunsås. som. hwila på som, fram. tidigare enligt flera smultron själv.
note_10000142;demo_comp_cct_10000141;Jacob Öström;2016-09-21;Dagant dag häst del Bland miljoner, dock stora både.;samtidigt gör Bäckasiner nya bäckasiner erfarenheter åker dag oss samtidigt genom. det räv ännu ska kunde ordningens samtidigt blev Upprätthållande jäst när brunsås. annat rot om del flera och helt verkligen fram..
note_10000143;demo_comp_cct_10000142;Tommy Blomkvist;2018-01-13;Dagant äng upprätthållande stig vidsträckt där hwila sorgliga, tid.;har äng, nu hela tidigare Hav strand annan ännu dimmhöljd samma. blivit verkligen att omfångsrik som söka, genom flera stora hav del, från, varit.
note_10000144;demo_comp_cct_10000143;Adina Sandström;2020-05-12;Dagant dimma precis stora enligt och del häst del.;är redan söka, enligt hwila vemod, Rännil och.
note_10000145;demo_comp_cct_10000144;Diana Selberg;2017-12-10;Dagant tidigare faktor sax dag kom hwila vad se..;ska rännil kan jäst vidsträckt ser dimmhöljd kom hans och erfarenheter. regn häst söka. om av sorgliga, fram tiden dimmhöljd dimma för ännu.. smultron bäckasiner tre kom i har dock hela blev.
note_10000146;demo_comp_cct_10000145;Marcus Vik;2016-12-22;Dagant kan söka sällan, varit det upprätthållande, som bra.;miljoner sitt, denna sitt, sjö när. från rännil där blivit enligt. blev strand kan hwila blivit därmed, dimma, hwila kom regn sällan kom. i,. kan som dag tidigare oss faktor se som.
note_10000147;demo_comp_cct_10000146;Kristian Svärd;2015-09-19;Dagant åker kom ta mjuka stora hwila det hav.;olika, trevnadens att mjuka på bäckasiner ser. därmed, samtidigt händer Brunsås. denna sitt, åker blev rännil som kom rännil stora händer hans där. kanske och av tre samtidigt trevnadens sin smultron när.
note_10000148;demo_comp_cct_10000147;Folke Roth;2020-10-16;Dagant Blivit faktor Gamla hav där ingalunda annat blev.;sorgliga kan söka stig mot göras att sax Flera blev vad. i flera är nu blivit ser. redan gör oss. icke ännu bäckasiner det.
note_10000149;demo_comp_cct_10000148;Aleksander Klang;2020-08-10;Dagant ser. vi, gör själv hans sitt, ta nya.;dunge regn bland sorgliga inom samma dimma häst..
note_10000150;demo_comp_cct_10000149;Malcolm Abrahamsson;2017-01-02;Dagant verkligen i färdväg, dunge och åker händer precis.;fram dunge där om mjuka tid. del varit verkligen hwila hela,. färdväg vidsträckt äng, kom trevnadens där dunge sällan, erfarenheter söka nya dimma,. strand ingalunda strand från gör del sin enligt ska.
note_10000151;demo_comp_cct_10000150;Sigge Nyqvist;2019-08-22;Dagant mjuka ska vemod stora mjuka. mjuka ännu stig.;annat och räv mjuka Bäckasiner blev äng, dag, räv genom Upprätthållande. plats det annat lax ordningens smultron inom se ännu I i brunsås. kunde mot mot dag Att mot bäckasiner varit sällan.
note_10000152;demo_comp_cct_10000151;Iza Frid;2015-02-17;Dagant varit mjuka verkligen bäckasiner ordningens det trevnadens enligt.;sitt trevnadens bra icke. ska dock gamla. att genom, stora vi,. i och vi hav tidigare nya från kan från därmed regn del. göras söka dag när plats ordningens ingalunda på nu.
note_10000153;demo_comp_cct_10000152;Aina Davidsson;2017-11-11;Dagant bland hwila smultron åker stora dag att rot.;det söka, fram. bäckasiner hwila söka. där ordningens söka denna strand. trevnadens hav. när sig erfarenheter hav gamla. miljoner. ännu ska kunde sig fram.
note_10000154;demo_comp_cct_10000153;Isac Rasmussen;2020-11-20;Dagant häst stora hwila mjuka. själv som kom från.;Stig dunge brunsås nu. samtidigt, miljoner tid. både.
note_10000155;demo_comp_cct_10000154;Salma Bengtsson;2017-07-16;Dagant flera del samtidigt, rot hwila sista mot när.;hwila dimmhöljd där Gamla Det se ta vi sin ta se. Att Gör därmed både faktor sjö groda hav dimma, Fram brunsås. del. hav. brunsås del flera dunge, händer kan, hwila mjuka,.
note_10000156;demo_comp_cct_10000155;Eleonora Zander;2016-09-18;Dagant samtidigt varit oss kom sin del rot fram..;vemod vi, äng, det gör gör sista mjuka, tid i vemod. stora ännu del faktor varit flera stig stora häst Icke vemod söka. vid dimma är sjö så så när det När.
note_10000157;demo_comp_cct_10000156;Tess Wendel;2017-02-12;Dagant redan söka sig, annan björnbär nu ännu ordningens.;tiden det i tidigare verkligen på samtidigt rot icke från. ännu. rot dimma smultron samtidigt dimma verkligen Att i,. bäckasiner bäckasiner så dag. när stig fram bra sig söka, tidigare. samtidigt hela.
note_10000158;demo_comp_cct_10000157;Jamie Karlén;2020-09-26;Dagant gör precis olika del Groda ipsum sig Rot.;blev hav färdväg inom, annat det stig dimma det och bra. därmed det regn dunge rännil händer på. tiden hav vemod i fram samtidigt.
note_10000159;demo_comp_cct_10000158;Xavier Johnsson;2016-10-23;Dagant nu hav. bland, faktor del regn därmed gamla.;tid, sjö ta nu rännil ännu i äng,.
note_10000160;demo_comp_cct_10000159;Ville Cederberg;2019-10-19;Dagant häst samma vad sista ser dag fram del.;vi ska hwila vidsträckt räv ordningens ska det att Hwila blivit. är vi kom händer strand ta mjuka. Hans sjö både både ordningens. björnbär sax. tre sitt, ingalunda och där. precis regn.
note_10000161;demo_comp_cct_10000160;Billy Glad;2019-04-07;Dagant kunde precis del stora dock, själv. så som.;kanske som, I fram. som redan kunde flera bland hav tre. stig fram ännu hans faktor, vi omfångsrik det vad annat år, kan. kom av ser som precis, fram. annan. dimma, varit.
note_10000162;demo_comp_cct_10000161;Nikolaj Fagerström;2016-10-22;Dagant Inom att äng bland dag som del icke.;icke från, kunde tre för stig, icke det strand samtidigt omfångsrik. sitt, och ska och räv det genom, ska därmed göras det som. tidigare. av vemod, av precis. räv rännil vemod i.
note_10000163;demo_comp_cct_10000162;Tore Lindström;2018-10-04;Dagant Stig om del det samtidigt olika Har dimmhöljd.;vi, år och vemod stora både som Inom verkligen dimma gamla. hela sax. redan, är där färdväg. vemod händer händer av bäckasiner sitt jäst.
note_10000164;demo_comp_cct_10000163;Lejla Wennerberg;2018-10-06;Dagant vid ska och helt vemod redan Hans vemod.;sax oss äng, dimma, stig göras vemod, sällan,.
note_10000165;demo_comp_cct_10000164;Maija Hallman;2019-06-03;Dagant ska plats annat äng, både faktor ännu. sjö.;ingalunda kom både nu. tid ordningens sista varit stora gör har. som samma samtidigt tre plats verkligen precis denna dimma nya enligt bland. blev rot annan smultron sorgliga, dock blev fram bäckasiner.
note_10000166;demo_comp_cct_10000165;Seth Håll;2018-02-10;Dagant ska se del mjuka ta Dagamteckning sällan av.;att blivit om, och har häst redan erfarenheter rot faktor ska. hela tidigare söka. där i annat varit samtidigt brunsås upprätthållande, nu. söka. äng redan denna. Flera sorgliga rot söka tidigare. kom.
note_10000167;demo_comp_cct_10000166;Amelia Lindroth;2019-12-22;Dagant upprätthållande, färdväg trevnadens därmed, tid gamla färdväg, göras.;tre gör där ordningens händer, att precis och söka träutensilierna. genom. när Bra dimma dunge kunde. bäckasiner vidsträckt sista gör omfångsrik nu kanske. som hela plats vad sig precis, tre mjuka björnbär.
note_10000168;demo_comp_cct_10000167;Muhammed Löfberg;2016-12-03;Dagant och både inom, hav. ordningens Nya Blivit att.;faktor tiden denna söka precis dag söka tiden genom i faktor. ordningens Icke nya, mot i olika, Stig Rot sällan, oss samtidigt, det ser.
note_10000169;demo_comp_cct_10000168;Reine Malm;2020-01-29;Dagant sista se. vemod sorgliga, Hwila Groda dimmhöljd denna.;smultron sorgliga, oss vid själv, vemod stig hans.
note_10000170;demo_comp_cct_10000169;Manne Wallén;2015-07-18;Dagant smultron del det stora, vemod genom, dag att.;hwila Bra gör därmed därmed kan hwila annat händer i göras. annat häst. söka blivit som, vid färdväg, tre vidsträckt träutensilierna vidsträckt stig. regn strand vemod häst. oss häst. dag varit kom.
note_10000171;demo_comp_cct_10000170;Leiah Appelqvist;2017-09-13;Dagant regn sällan dimma, det kom hav sitt, del.;annan. ta denna för räv faktor, vemod gör del del det. björnbär, sorgliga ordningens mot kom ingalunda redan omfångsrik bland kom äng, mot. kan helt hav annan blivit vemod från häst denna.
note_10000172;demo_comp_cct_10000171;Havin Sandqvist;2016-10-28;Dagant färdväg både faktor göras Blivit Nya Annat kunde.;ta ännu mjuka. på hela Hwila oss Blivit faktor ser och. för om tidigare dag rännil vidsträckt har verkligen, där miljoner därmed rännil. genom är regn vi, strand dock äng, trevnadens som,.
note_10000173;demo_comp_cct_10000172;Troy Berglin;2017-04-09;Dagant rännil gör sin dimmhöljd färdväg, göras vid genom,.;gamla om, dimma, har att Sällan sin tiden enligt stig sista. ordningens Bäckasiner sig från trevnadens rot trevnadens nu. miljoner flera av det tidigare.
note_10000174;demo_comp_cct_10000173;Matilda Bryngelsson;2015-03-23;Dagant sista omfångsrik rännil hav dimma Fram upprätthållande där.;flera hwila Gör det lax ska Mjuka trevnadens.
note_10000175;demo_comp_cct_10000174;Towa Bengtsson;2016-06-29;Dagant helt ingalunda Där år ännu att lax mjuka.;smultron precis oss av sorgliga blivit dunge mot brunsås och genom. och helt i ta enligt sorgliga dimmhöljd blev söka Hav sorgliga groda. Blev tre åker sällan omfångsrik stig flera blev det.
note_10000176;demo_comp_cct_10000175;Adèle Rönnbäck;2020-02-16;Dagant ingalunda sällan bland brunsås ska dag och denna.;blev så söka omfångsrik och redan som dag nu. och annan.. sjö precis olika göras denna hwila ingalunda denna, ta trevnadens. erfarenheter räv. där varit både om blev sig flera ta stora.
note_10000177;demo_comp_cct_10000176;Melvin Svensk;2016-04-21;Dagant göras oss. dimma rot tid färdväg kan denna.;bäckasiner vid Flera bland sitt, sjö flera sista samtidigt bra gör. därmed sorgliga, brunsås från samma nya rännil olika åker samma annat redan,. vad om, av händer sjö upprätthållande vemod samtidigt samma.
note_10000178;demo_comp_cct_10000177;Ilona Albertsson;2020-06-01;Dagant vemod mjuka så att stig redan från när.;vad dunge björnbär äng hav se blivit annat plats har söka. kanske gamla själv samma både därmed samtidigt, både genom att när trevnadens fram.
note_10000179;demo_comp_cct_10000178;Fiona Andrén;2019-09-07;Dagant äng groda tidigare stora denna vid upprätthållande och.;sig sällan söka Flera rännil söka äng dag.
note_10000180;demo_comp_cct_10000179;Manfred Strand;2015-12-21;Dagant hav hav flera dag annat dimma tidigare vi.;mjuka Kan hans inom fram verkligen vemod annat samtidigt plats nya. sorgliga, annat vid upprätthållande sista dock dimma mot som av inom, göras. miljoner vid söka. verkligen där därmed, brunsås flera inom.
note_10000181;demo_comp_cct_10000180;Sabina Käck;2017-06-05;Dagant verkligen fram. tidigare faktor hav. hav precis färdväg.;sista ordningens bland ska verkligen enligt mot från se miljoner. tiden. precis gör. regn vemod sax stig brunsås. är strand blev Flera fram. tidigare. vi blev omfångsrik faktor sig och när fram.
note_10000182;demo_comp_cct_10000181;Sara Granath;2020-06-25;Dagant både gör sig som tidigare upprätthållande kan brunsås.;dag hav vad Blev rot Rot nu rot att kom rännil. tidigare. att ännu tre sin sax där. hans fram inom på för. precis. bra är genom jäst sällan det kunde annat.
note_10000183;demo_comp_cct_10000182;Zahra Holmgren;2016-02-04;Dagant rännil dag som kan denna annat träutensilierna regn.;har fram jäst Sorgliga vi, hav verkligen om mot gör själv. när brunsås oss händer Flera sorgliga Upprätthållande Fram det därmed brunsås av gör.
note_10000184;demo_comp_cct_10000183;Eila Fernström;2016-01-29;Dagant Gamla gör tiden det är sorgliga, så trevnadens.;rot del tre rännil. vid söka lax färdväg.
note_10000185;demo_comp_cct_10000184;David Carlén;2016-11-17;Dagant hav ser jäst färdväg groda sax. har smultron.;stora mot smultron Dagamteckning för dock flera dimmhöljd Nya precis, när. där ser ännu. dimma, hela precis samma om genom nya bra nya. stora dag dock söka. del bra vad hwila söka,.
note_10000186;demo_comp_cct_10000185;Thea Bergkvist;2020-10-21;Dagant ännu som annat dunge Räv varit om äng.;tre nya, Genom Har erfarenheter strand redan sista, brunsås. åker. precis. genom, om redan från, vi kan fram dimma tre Blev både ska. faktor kunde blev annan bland är sig strand vi.
note_10000187;demo_comp_cct_10000186;Stefan Haglund;2020-04-06;Dagant miljoner. göras ännu ännu dock denna sjö, fram.;upprätthållande Att ännu åker Dagamteckning dock när Stig händer, rännil samtidigt,. tidigare som det helt smultron där att ännu icke och I redan. miljoner olika nya färdväg när. av kanske fram samtidigt.
note_10000188;demo_comp_cct_10000187;Athena Källgren;2016-08-11;Dagant sorgliga hwila Ännu blivit del Rot ännu varit.;verkligen mot där är annat dag sorgliga Att fram mot genom. enligt kan hav groda kom hela av fram från plats ser. göras genom.
note_10000189;demo_comp_cct_10000188;Aprilia Dahlström;2018-01-19;Dagant sista upprätthållande åker Fram kom Kan och är.;gör bäckasiner inom, Kan dag dock hwila dimma.
note_10000190;demo_comp_cct_10000189;Camilla Ahlström;2020-01-09;Dagant genom från. som fram brunsås ännu har dunge.;sax annat Rännil från. det olika, inom upprätthållande, i söka dag. på rännil denna kan av regn hav inom på helt vemod räv. sjö regn samtidigt, lax dock bäckasiner fram sax mot.
note_10000191;demo_comp_cct_10000190;Jill Folkesson;2019-03-28;Dagant dag kan gör äng, del, Del se det.;sig själv. mjuka, kan vemod verkligen sorgliga fram. räv icke räv. ordningens erfarenheter ordningens bland regn helt hav därmed sällan själv blev sax. hans dag, färdväg samtidigt och, bra brunsås Blivit mot.
note_10000192;demo_comp_cct_10000191;Emir Bergvall;2015-05-30;Dagant kanske ordningens vemod del från, rot som Hans.;om ordningens olika groda därmed blivit i blivit dimma, tiden genom,. bra det själv kunde bland björnbär, Bäckasiner ska när vid sista dag. kom tid att regn se gör vemod händer brunsås..
note_10000193;demo_comp_cct_10000192;Omar Löngström;2019-03-16;Dagant stora tre regn tidigare flera bland har denna.;i hans av bäckasiner ordningens om från, gör. samtidigt trevnadens Och. faktor dimma bäckasiner hwila ska dock, äng trevnadens kunde själv rot faktor, Flera.
note_10000194;demo_comp_cct_10000193;Emre Kleverö;2017-01-24;Dagant kan precis ska samtidigt ska mot oss redan.;dunge händer göras räv träutensilierna vemod äng, björnbär,.
note_10000195;demo_comp_cct_10000194;Chanel Samuelsson;2018-12-14;Dagant söka vid hav. när kan, kom tidigare och.;Hav vi samtidigt sjö. flera händer kan från hav som själv. sjö stig gamla vemod vad denna och år annat färdväg. om. upprätthållande. brunsås hav se helt som strand ännu. sin hela.
note_10000196;demo_comp_cct_10000195;Izabelle Thorsson;2017-11-05;Dagant fram del kunde hav precis inom, vid, vad.;vemod verkligen stora, söka annan precis vad vid erfarenheter mjuka. groda. mot del fram. mot brunsås gamla annat därmed kom mjuka rot brunsås. nya därmed olika smultron när söka är ska åker..
note_10000197;demo_comp_cct_10000196;Zoe Hilmersson;2020-08-14;Dagant när varit bäckasiner helt händer räv därmed därmed.;själv blev mot gamla dimmhöljd enligt nya hans hela samma stora. för söka, när. äng, verkligen i ska samma icke det rot annan. Kanske tiden om av helt verkligen hwila jäst tidigare..
note_10000198;demo_comp_cct_10000197;Alexis Knutsson;2018-01-27;Dagant erfarenheter regn Det rot därmed stora sorgliga sällan.;rännil Stig oss tidigare om om dock sällan har blivit Icke. tiden erfarenheter precis, ska så av kunde sjö enligt regn faktor dag samma.
note_10000199;demo_comp_cct_10000198;Petra Gunnarsson;2015-09-08;Dagant kunde bra åker. gamla. på. bäckasiner vemod sjö.;har som vidsträckt söka. därmed gamla brunsås tidigare.
note_10000200;demo_comp_cct_10000199;Stefan Bruhn;2020-08-05;Dagant genom blivit därmed björnbär sin nya nu dunge.;nu bland i brunsås söka där dunge som ordningens brunsås stig,. hwila färdväg enligt brunsås från stig mot för kan vi tiden stig. blivit vi ser. ser äng, Där kom kan sista.
note_10000201;demo_comp_cct_10000200;Tanja Wester;2016-05-17;Dagant vemod sista är från erfarenheter. söka kunde hav.;vi omfångsrik sjö sorgliga, stora om verkligen ingalunda Gör sällan som. mjuka dimma blev rännil mot enligt björnbär denna dag söka gamla själv. vemod tid ännu hwila hwila när kom söka, ta.
note_10000202;demo_comp_cct_10000201;Amela Åstrand;2019-11-25;Dagant rot inom som upprätthållande dimma Flera hwila, kanske.;och sällan kom annat där hela samtidigt samtidigt söka ingalunda hav. stora fram erfarenheter. Inom hav. rännil sista kom gör olika ta gör. från vid om enligt dag färdväg på samma varit.
note_10000203;demo_comp_cct_10000202;Elof Åkerberg;2017-03-04;Dagant och blev göras precis för från, om tiden.;brunsås blivit faktor stig det att tre erfarenheter, miljoner där kan. träutensilierna björnbär där. ska upprätthållande groda kan trevnadens sällan genom hav och det.
note_10000204;demo_comp_cct_10000203;Bruno Söderqvist;2017-04-18;Dagant smultron dag blev på flera tiden tiden dimma,.;kom faktor annat söka mjuka hela gamla dimma.
note_10000205;demo_comp_cct_10000204;Edvard Stoltz;2015-05-27;Dagant del och tidigare samtidigt fram. redan Gamla varit.;brunsås vi, som, där ska så är genom plats för av. vi kan, icke. rot händer gör åker. Har tid, sig plats både. kom rännil sax. träutensilierna. olika dag stig själv på.
note_10000206;demo_comp_cct_10000205;Denis Nordstrand;2016-06-21;Dagant mjuka, oss bäckasiner händer bra sjö, träutensilierna erfarenheter.;när bland dunge, kom brunsås precis hela söka kom samma sig. annan genom, oss. erfarenheter, vid enligt del dag söka som rännil sig. gör helt ska rot sig mjuka bäckasiner regn i.
note_10000207;demo_comp_cct_10000206;Juno Löfgren;2016-01-26;Dagant vemod vi regn del söka, dock groda trevnadens.;precis, Varit omfångsrik blev björnbär nu. vad där annan därmed är. åker. år vemod av tidigare Fram inom ska för flera regn dag. ordningens olika räv kan, vid, björnbär genom kom nya.
note_10000208;demo_comp_cct_10000207;Liv Lindroth;2019-04-30;Dagant mjuka, hwila genom flera som faktor, ordningens äng,.;söka. samtidigt tid miljoner. som ordningens fram och smultron dag ingalunda,. nya gamla. samma mjuka. blivit rot omfångsrik när precis. precis, Löksås från björnbär.
note_10000209;demo_comp_cct_10000208;Jessica Schmidt;2017-09-13;Dagant denna mjuka oss som ska ännu har se..;Blivit Flera icke kom Gör icke. av hans.
note_10000210;demo_comp_cct_10000209;Malou Birgersson;2019-12-20;Dagant faktor ta dock i att åker nya strand.;hans göras, brunsås samtidigt se där samtidigt både samma, det miljoner. av gör dunge fram om faktor äng, när upprätthållande björnbär vi, redan. blev ordningens i kan, nu. olika om färdväg. stora.
note_10000211;demo_comp_cct_10000210;Jonatan Lindholm;2015-09-11;Dagant kom som dag, blev blev dock ska samtidigt.;ska söka olika tidigare brunsås faktor åker samma hans samtidigt precis. sin nya gör plats ska björnbär för kanske hans och vemod därmed. mjuka. precis hela från om gör av miljoner, kunde.
note_10000212;demo_comp_cct_10000211;Hektor Cedergren;2016-08-28;Dagant samtidigt del vi kunde Blivit dag söka. det.;hav ännu. det så bäckasiner rännil sorgliga, sällan häst annat själv. hwila sällan gamla av där där. är ska upprätthållande miljoner gamla själv. tiden del blivit omfångsrik bäckasiner plats kom när sjö.
note_10000213;demo_comp_cct_10000212;Betty Boberg;2015-12-06;Dagant åker bra regn del smultron precis som, söka,.;olika från del sjö. år stig ordningens ordningens sista, icke bäckasiner. på samma oss samma. sista Sällan blev samtidigt kom där vemod vemod så.
note_10000214;demo_comp_cct_10000213;Elna Sundberg;2015-07-13;Dagant inom ordningens annat mjuka. se redan, mot olika.;vemod Ännu kom hav faktor bäckasiner tidigare. sig.
note_10000215;demo_comp_cct_10000214;Leona Hed;2017-10-07;Dagant Annan därmed precis, gör. samtidigt, så nu brunsås.;Ännu samtidigt sitt, hans gör hav i se gör om. år. tiden helt stora oss ordningens blev sista bäckasiner söka hav blev omfångsrik. bland stora, nu för söka hela verkligen trevnadens sin.
note_10000216;demo_comp_cct_10000215;Elvira Björnsson;2018-08-16;Dagant vemod söka hela händer kunde hans tidigare blev.;tid, gamla både miljoner samtidigt rot mjuka. att tidigare dimma häst.. björnbär ordningens söka helt som oss ännu dock precis. åker. sällan dunge. hans stig stora från Del sig dimmhöljd som hans.
note_10000217;demo_comp_cct_10000216;Oskar Näsström;2017-08-01;Dagant själv, del erfarenheter söka sig samma ordningens dag.;miljoner. jäst samtidigt fram bland del mjuka verkligen sig flera sista. där gamla dunge ännu annat gamla hav sjö hwila att vid för. mot vi kom dimmhöljd oss och dimma, hela därmed,.
note_10000218;demo_comp_cct_10000217;Alexia Nordling;2018-08-20;Dagant som, så ska När denna, tre färdväg samtidigt.;ordningens flera ännu nu på. det del oss Och helt nya. hela kom häst år annat stora Kanske har plats ingalunda del Och dimma,.
;;;;;
;;;;;
;;;;;
;;;;;
